point,x,Q2,disent_cutoff,nruns,bin,label,lo,hi,born_in_bin,method,cut,order,value,error,diff,differr
x0.01_Q400,0.01,400,1e-8,240,1,total,,,1,DISENT+P2B,,1,-2.4950583,0,0,0
x0.01_Q400,0.01,400,1e-8,240,1,total,,,1,DISENT+P2B,,2,-34.272664,0,0,0
x0.01_Q400,0.01,400,1e-8,240,1,total,,,1,slicing+P2B,tau2=0.01,2,-34.272664,0,0,0
x0.01_Q400,0.01,400,1e-8,240,1,total,,,1,slicing+P2B,tau2=0.001,2,-34.272664,0,0,0
x0.01_Q400,0.01,400,1e-8,240,1,total,,,1,slicing+P2B,tau2=0.0001,2,-34.272664,0,0,0
x0.01_Q400,0.01,400,1e-8,240,1,total,,,1,slicing+P2B,tau2=1e-05,2,-34.272664,0,0,0
x0.01_Q400,0.01,400,1e-8,240,1,total,,,1,slicing+P2B,rho=0.1,2,-34.272664,0,0,0
x0.01_Q400,0.01,400,1e-8,240,1,total,,,1,slicing+P2B,rho=0.03,2,-34.272664,0,0,0
x0.01_Q400,0.01,400,1e-8,240,1,total,,,1,slicing+P2B,rho=0.01,2,-34.272664,0,0,0
x0.01_Q400,0.01,400,1e-8,240,1,total,,,1,slicing+P2B,rho=0.003,2,-34.272664,0,0,0
x0.01_Q400,0.01,400,1e-8,240,1,total,,,1,slicing+P2B,rho=0.001,2,-34.272664,0,0,0
x0.01_Q400,0.01,400,1e-8,240,1,total,,,1,slicing+P2B,rho=0.0003,2,-34.272664,0,0,0
x0.01_Q400,0.01,400,1e-8,240,1,total,,,1,slicing+P2B,rho=0.0001,2,-34.272664,0,0,0
x0.01_Q400,0.01,400,1e-8,240,1,total,,,1,pure tau1 slicing,tau1=0.1,1,-3.6461106,0.0012558519,-1.1510523,0.0012558519
x0.01_Q400,0.01,400,1e-8,240,1,total,,,1,pure tau1 slicing,tau1=0.1,2,-9.0248571,0.15144564,25.247807,0.15144564
x0.01_Q400,0.01,400,1e-8,240,1,total,,,1,pure tau1 slicing,tau1=0.03,1,-2.8959157,0.0030513299,-0.40085739,0.0030513299
x0.01_Q400,0.01,400,1e-8,240,1,total,,,1,pure tau1 slicing,tau1=0.03,2,-2.5703771,0.47673026,31.702287,0.47673026
x0.01_Q400,0.01,400,1e-8,240,1,total,,,1,pure tau1 slicing,tau1=0.01,1,-2.6568923,0.0065402559,-0.16183401,0.0065402559
x0.01_Q400,0.01,400,1e-8,240,1,total,,,1,pure tau1 slicing,tau1=0.01,2,-7.1275223,1.298217,27.145142,1.298217
x0.01_Q400,0.01,400,1e-8,240,1,total,,,1,pure tau1 slicing,tau1=0.003,1,-2.5646329,0.013979167,-0.069574633,0.013979167
x0.01_Q400,0.01,400,1e-8,240,1,total,,,1,pure tau1 slicing,tau1=0.003,2,-24.453327,3.4611376,9.819337,3.4611376
x0.01_Q400,0.01,400,1e-8,240,1,total,,,1,pure tau1 slicing,tau1=0.001,1,-2.520741,0.026517135,-0.025682707,0.026517135
x0.01_Q400,0.01,400,1e-8,240,1,total,,,1,pure tau1 slicing,tau1=0.001,2,-38.022337,8.6714403,-3.7496726,8.6714403
x0.01_Q400,0.01,400,1e-8,240,1,total,,,1,pure tau1 slicing,tau1=0.0003,1,-2.5921247,0.051449946,-0.097066372,0.051449946
x0.01_Q400,0.01,400,1e-8,240,1,total,,,1,pure tau1 slicing,tau1=0.0003,2,-6.2393355,21.290143,28.033328,21.290143
x0.01_Q400,0.01,400,1e-8,240,1,total,,,1,pure tau1 slicing,tau1=0.0001,1,-2.6984822,0.09184918,-0.20342391,0.09184918
x0.01_Q400,0.01,400,1e-8,240,1,total,,,1,pure tau1 slicing,tau1=0.0001,2,-5.378275,43.656892,28.894389,43.656892
x0.01_Q400,0.01,400,1e-8,240,1,total,,,1,pure tau1 slicing,tau1=3e-05,1,-2.8172006,0.17188391,-0.32214233,0.17188391
x0.01_Q400,0.01,400,1e-8,240,1,total,,,1,pure tau1 slicing,tau1=3e-05,2,366.40068,102.96305,400.67334,102.96305
x0.01_Q400,0.01,400,1e-8,240,1,total,,,1,pure tau1 slicing,tau1=1e-05,1,-2.9665529,0.29986528,-0.47149458,0.29986528
x0.01_Q400,0.01,400,1e-8,240,1,total,,,1,pure tau1 slicing,tau1=1e-05,2,1296.1203,195.67938,1330.3929,195.67938
x0.01_Q400,0.01,400,1e-8,240,2,>=1 jet,,,1,DISENT+P2B,,1,-2.5306235,3.1418036e-05,0,0
x0.01_Q400,0.01,400,1e-8,240,2,>=1 jet,,,1,DISENT+P2B,,2,-34.764958,0.0055882855,0,0
x0.01_Q400,0.01,400,1e-8,240,2,>=1 jet,,,1,slicing+P2B,tau2=0.01,2,-34.678955,0.0076349824,0.086003138,0.0083613265
x0.01_Q400,0.01,400,1e-8,240,2,>=1 jet,,,1,slicing+P2B,tau2=0.001,2,-34.770525,0.018619071,-0.0055667115,0.018560723
x0.01_Q400,0.01,400,1e-8,240,2,>=1 jet,,,1,slicing+P2B,tau2=0.0001,2,-34.75837,0.040350954,0.0065887077,0.040201581
x0.01_Q400,0.01,400,1e-8,240,2,>=1 jet,,,1,slicing+P2B,tau2=1e-05,2,-34.648803,0.079877731,0.11615589,0.079763478
x0.01_Q400,0.01,400,1e-8,240,2,>=1 jet,,,1,slicing+P2B,rho=0.1,2,-34.662504,0.012585224,0.10245414,0.012773854
x0.01_Q400,0.01,400,1e-8,240,2,>=1 jet,,,1,slicing+P2B,rho=0.03,2,-34.74213,0.019758347,0.022828623,0.019697118
x0.01_Q400,0.01,400,1e-8,240,2,>=1 jet,,,1,slicing+P2B,rho=0.01,2,-34.746574,0.028840438,0.018384453,0.028721913
x0.01_Q400,0.01,400,1e-8,240,2,>=1 jet,,,1,slicing+P2B,rho=0.003,2,-34.743043,0.042557149,0.021915531,0.042415819
x0.01_Q400,0.01,400,1e-8,240,2,>=1 jet,,,1,slicing+P2B,rho=0.001,2,-34.777325,0.059777756,-0.012366113,0.059660241
x0.01_Q400,0.01,400,1e-8,240,2,>=1 jet,,,1,slicing+P2B,rho=0.0003,2,-34.732801,0.084889065,0.032157693,0.084781874
x0.01_Q400,0.01,400,1e-8,240,2,>=1 jet,,,1,slicing+P2B,rho=0.0001,2,-34.69669,0.11331748,0.068268316,0.11323537
x0.01_Q400,0.01,400,1e-8,240,2,>=1 jet,,,1,pure tau1 slicing,tau1=0.1,1,-3.6461106,0.0012558519,-1.1154871,0.0012562449
x0.01_Q400,0.01,400,1e-8,240,2,>=1 jet,,,1,pure tau1 slicing,tau1=0.1,2,-9.3991795,0.15144453,25.365779,0.15153733
x0.01_Q400,0.01,400,1e-8,240,2,>=1 jet,,,1,pure tau1 slicing,tau1=0.03,1,-2.9137597,0.0030516436,-0.38313616,0.0030518054
x0.01_Q400,0.01,400,1e-8,240,2,>=1 jet,,,1,pure tau1 slicing,tau1=0.03,2,-4.0122627,0.47671889,30.752696,0.47671484
x0.01_Q400,0.01,400,1e-8,240,2,>=1 jet,,,1,pure tau1 slicing,tau1=0.01,1,-2.6912543,0.0065407809,-0.16063076,0.0065408564
x0.01_Q400,0.01,400,1e-8,240,2,>=1 jet,,,1,pure tau1 slicing,tau1=0.01,2,-7.7416593,1.2982295,27.023299,1.2982165
x0.01_Q400,0.01,400,1e-8,240,2,>=1 jet,,,1,pure tau1 slicing,tau1=0.003,1,-2.6001944,0.013979591,-0.069570825,0.013979626
x0.01_Q400,0.01,400,1e-8,240,2,>=1 jet,,,1,pure tau1 slicing,tau1=0.003,2,-24.946382,3.4611425,9.8185764,3.4611376
x0.01_Q400,0.01,400,1e-8,240,2,>=1 jet,,,1,pure tau1 slicing,tau1=0.001,1,-2.5563062,0.026517459,-0.025682707,0.026517478
x0.01_Q400,0.01,400,1e-8,240,2,>=1 jet,,,1,pure tau1 slicing,tau1=0.001,2,-38.514631,8.6714421,-3.7496726,8.6714403
x0.01_Q400,0.01,400,1e-8,240,2,>=1 jet,,,1,pure tau1 slicing,tau1=0.0003,1,-2.6276899,0.05145018,-0.097066372,0.05145019
x0.01_Q400,0.01,400,1e-8,240,2,>=1 jet,,,1,pure tau1 slicing,tau1=0.0003,2,-6.73163,21.290143,28.033328,21.290143
x0.01_Q400,0.01,400,1e-8,240,2,>=1 jet,,,1,pure tau1 slicing,tau1=0.0001,1,-2.7340474,0.091849351,-0.20342391,0.091849356
x0.01_Q400,0.01,400,1e-8,240,2,>=1 jet,,,1,pure tau1 slicing,tau1=0.0001,2,-5.8705695,43.656892,28.894389,43.656892
x0.01_Q400,0.01,400,1e-8,240,2,>=1 jet,,,1,pure tau1 slicing,tau1=3e-05,1,-2.8527659,0.17188403,-0.32214233,0.17188403
x0.01_Q400,0.01,400,1e-8,240,2,>=1 jet,,,1,pure tau1 slicing,tau1=3e-05,2,365.90839,102.96305,400.67334,102.96305
x0.01_Q400,0.01,400,1e-8,240,2,>=1 jet,,,1,pure tau1 slicing,tau1=1e-05,1,-3.0021181,0.29986537,-0.47149458,0.29986537
x0.01_Q400,0.01,400,1e-8,240,2,>=1 jet,,,1,pure tau1 slicing,tau1=1e-05,2,1295.628,195.67938,1330.3929,195.67938
x0.01_Q400,0.01,400,1e-8,240,3,pt 5-10,5,10,0,DISENT+P2B,,1,1.5222379,0.00041719863,0,0
x0.01_Q400,0.01,400,1e-8,240,3,pt 5-10,5,10,0,DISENT+P2B,,2,19.747131,0.057703808,0,0
x0.01_Q400,0.01,400,1e-8,240,3,pt 5-10,5,10,0,slicing+P2B,tau2=0.01,2,19.677562,0.056441507,-0.069568157,0.072165666
x0.01_Q400,0.01,400,1e-8,240,3,pt 5-10,5,10,0,slicing+P2B,tau2=0.001,2,19.652129,0.15736949,-0.095001113,0.15836047
x0.01_Q400,0.01,400,1e-8,240,3,pt 5-10,5,10,0,slicing+P2B,tau2=0.0001,2,19.458879,0.35706501,-0.28825184,0.35558449
x0.01_Q400,0.01,400,1e-8,240,3,pt 5-10,5,10,0,slicing+P2B,tau2=1e-05,2,19.633689,0.73338888,-0.11344124,0.73209165
x0.01_Q400,0.01,400,1e-8,240,3,pt 5-10,5,10,0,slicing+P2B,rho=0.1,2,18.832372,0.054408288,-0.91475851,0.072513729
x0.01_Q400,0.01,400,1e-8,240,3,pt 5-10,5,10,0,slicing+P2B,rho=0.03,2,19.253513,0.096410523,-0.49361733,0.10364929
x0.01_Q400,0.01,400,1e-8,240,3,pt 5-10,5,10,0,slicing+P2B,rho=0.01,2,19.361861,0.15178792,-0.38526946,0.15395555
x0.01_Q400,0.01,400,1e-8,240,3,pt 5-10,5,10,0,slicing+P2B,rho=0.003,2,19.43796,0.23734832,-0.30917015,0.23703782
x0.01_Q400,0.01,400,1e-8,240,3,pt 5-10,5,10,0,slicing+P2B,rho=0.001,2,19.363057,0.34471243,-0.38407361,0.34358507
x0.01_Q400,0.01,400,1e-8,240,3,pt 5-10,5,10,0,slicing+P2B,rho=0.0003,2,19.567274,0.50713083,-0.17985675,0.50583255
x0.01_Q400,0.01,400,1e-8,240,3,pt 5-10,5,10,0,slicing+P2B,rho=0.0001,2,19.442331,0.7068065,-0.30479999,0.70565565
x0.01_Q400,0.01,400,1e-8,240,3,pt 5-10,5,10,0,pure tau1 slicing,tau1=0.1,1,1.1635247,0.00037072865,-0.35871318,0.00055811686
x0.01_Q400,0.01,400,1e-8,240,3,pt 5-10,5,10,0,pure tau1 slicing,tau1=0.1,2,22.508463,0.054498488,2.761332,0.02951225
x0.01_Q400,0.01,400,1e-8,240,3,pt 5-10,5,10,0,pure tau1 slicing,tau1=0.03,1,1.4674447,0.00041290745,-0.054793237,0.00058698148
x0.01_Q400,0.01,400,1e-8,240,3,pt 5-10,5,10,0,pure tau1 slicing,tau1=0.03,2,21.848072,0.057863339,2.1009411,0.015960204
x0.01_Q400,0.01,400,1e-8,240,3,pt 5-10,5,10,0,pure tau1 slicing,tau1=0.01,1,1.5160197,0.00041702167,-0.0062181781,0.00058988285
x0.01_Q400,0.01,400,1e-8,240,3,pt 5-10,5,10,0,pure tau1 slicing,tau1=0.01,2,20.248767,0.057882836,0.50163643,0.0050430068
x0.01_Q400,0.01,400,1e-8,240,3,pt 5-10,5,10,0,pure tau1 slicing,tau1=0.003,1,1.5220687,0.00041719857,-0.00016916418,0.00059000792
x0.01_Q400,0.01,400,1e-8,240,3,pt 5-10,5,10,0,pure tau1 slicing,tau1=0.003,2,19.77388,0.057707951,0.026749565,0.00068451509
x0.01_Q400,0.01,400,1e-8,240,3,pt 5-10,5,10,0,pure tau1 slicing,tau1=0.001,1,1.5222379,0.00041719863,-5.5556888e-09,0.00059000796
x0.01_Q400,0.01,400,1e-8,240,3,pt 5-10,5,10,0,pure tau1 slicing,tau1=0.001,2,19.747134,0.057703808,3.5917727e-06,1.7453706e-06
x0.01_Q400,0.01,400,1e-8,240,3,pt 5-10,5,10,0,pure tau1 slicing,tau1=0.0003,1,1.5222379,0.00041719863,0,0.00059000796
x0.01_Q400,0.01,400,1e-8,240,3,pt 5-10,5,10,0,pure tau1 slicing,tau1=0.0003,2,19.747131,0.057703808,0,0
x0.01_Q400,0.01,400,1e-8,240,3,pt 5-10,5,10,0,pure tau1 slicing,tau1=0.0001,1,1.5222379,0.00041719863,0,0.00059000796
x0.01_Q400,0.01,400,1e-8,240,3,pt 5-10,5,10,0,pure tau1 slicing,tau1=0.0001,2,19.747131,0.057703808,0,0
x0.01_Q400,0.01,400,1e-8,240,3,pt 5-10,5,10,0,pure tau1 slicing,tau1=3e-05,1,1.5222379,0.00041719863,0,0.00059000796
x0.01_Q400,0.01,400,1e-8,240,3,pt 5-10,5,10,0,pure tau1 slicing,tau1=3e-05,2,19.747131,0.057703808,0,0
x0.01_Q400,0.01,400,1e-8,240,3,pt 5-10,5,10,0,pure tau1 slicing,tau1=1e-05,1,1.5222379,0.00041719863,0,0.00059000796
x0.01_Q400,0.01,400,1e-8,240,3,pt 5-10,5,10,0,pure tau1 slicing,tau1=1e-05,2,19.747131,0.057703808,0,0
x0.01_Q400,0.01,400,1e-8,240,4,pt 10-14,10,14,0,DISENT+P2B,,1,9.0627384,0.0014200439,0,0
x0.01_Q400,0.01,400,1e-8,240,4,pt 10-14,10,14,0,DISENT+P2B,,2,36.207436,0.19405049,0,0
x0.01_Q400,0.01,400,1e-8,240,4,pt 10-14,10,14,0,slicing+P2B,tau2=0.01,2,28.824159,0.12653564,-7.3832771,0.22151978
x0.01_Q400,0.01,400,1e-8,240,4,pt 10-14,10,14,0,slicing+P2B,tau2=0.001,2,41.36045,0.40444613,5.1530141,0.42411018
x0.01_Q400,0.01,400,1e-8,240,4,pt 10-14,10,14,0,slicing+P2B,tau2=0.0001,2,38.58963,0.94513693,2.3821947,0.94516964
x0.01_Q400,0.01,400,1e-8,240,4,pt 10-14,10,14,0,slicing+P2B,tau2=1e-05,2,33.225083,1.9691297,-2.982353,1.9658058
x0.01_Q400,0.01,400,1e-8,240,4,pt 10-14,10,14,0,slicing+P2B,rho=0.1,2,34.121619,0.24798005,-2.0858172,0.3003207
x0.01_Q400,0.01,400,1e-8,240,4,pt 10-14,10,14,0,slicing+P2B,rho=0.03,2,42.223841,0.40912405,6.0164049,0.43286796
x0.01_Q400,0.01,400,1e-8,240,4,pt 10-14,10,14,0,slicing+P2B,rho=0.01,2,40.73689,0.6172588,4.5294542,0.62697646
x0.01_Q400,0.01,400,1e-8,240,4,pt 10-14,10,14,0,slicing+P2B,rho=0.003,2,37.44755,0.93358516,1.2401139,0.93577393
x0.01_Q400,0.01,400,1e-8,240,4,pt 10-14,10,14,0,slicing+P2B,rho=0.001,2,35.775372,1.3340653,-0.43206375,1.33315
x0.01_Q400,0.01,400,1e-8,240,4,pt 10-14,10,14,0,slicing+P2B,rho=0.0003,2,34.58648,1.9375965,-1.620956,1.9352628
x0.01_Q400,0.01,400,1e-8,240,4,pt 10-14,10,14,0,slicing+P2B,rho=0.0001,2,30.173749,2.672121,-6.0336867,2.6694553
x0.01_Q400,0.01,400,1e-8,240,4,pt 10-14,10,14,0,pure tau1 slicing,tau1=0.1,1,4.4143506,0.00075113059,-4.6483878,0.0016064625
x0.01_Q400,0.01,400,1e-8,240,4,pt 10-14,10,14,0,pure tau1 slicing,tau1=0.1,2,58.013745,0.1160892,21.806309,0.17121934
x0.01_Q400,0.01,400,1e-8,240,4,pt 10-14,10,14,0,pure tau1 slicing,tau1=0.03,1,7.2450403,0.001209608,-1.8176981,0.001865389
x0.01_Q400,0.01,400,1e-8,240,4,pt 10-14,10,14,0,pure tau1 slicing,tau1=0.03,2,77.378037,0.18769942,41.170601,0.10970364
x0.01_Q400,0.01,400,1e-8,240,4,pt 10-14,10,14,0,pure tau1 slicing,tau1=0.01,1,8.4779614,0.0013657223,-0.58477701,0.0019702086
x0.01_Q400,0.01,400,1e-8,240,4,pt 10-14,10,14,0,pure tau1 slicing,tau1=0.01,2,65.617741,0.20110993,29.410305,0.097910878
x0.01_Q400,0.01,400,1e-8,240,4,pt 10-14,10,14,0,pure tau1 slicing,tau1=0.003,1,8.9478678,0.0014125564,-0.11487055,0.0020029579
x0.01_Q400,0.01,400,1e-8,240,4,pt 10-14,10,14,0,pure tau1 slicing,tau1=0.003,2,46.949531,0.20120934,10.742095,0.072975468
x0.01_Q400,0.01,400,1e-8,240,4,pt 10-14,10,14,0,pure tau1 slicing,tau1=0.001,1,9.0479519,0.0014196411,-0.014786458,0.0020079605
x0.01_Q400,0.01,400,1e-8,240,4,pt 10-14,10,14,0,pure tau1 slicing,tau1=0.001,2,38.334362,0.19581178,2.1269258,0.02787388
x0.01_Q400,0.01,400,1e-8,240,4,pt 10-14,10,14,0,pure tau1 slicing,tau1=0.0003,1,9.0621991,0.0014200446,-0.00053926155,0.0020082458
x0.01_Q400,0.01,400,1e-8,240,4,pt 10-14,10,14,0,pure tau1 slicing,tau1=0.0003,2,36.32948,0.19409057,0.12204397,0.004335959
x0.01_Q400,0.01,400,1e-8,240,4,pt 10-14,10,14,0,pure tau1 slicing,tau1=0.0001,1,9.0627379,0.0014200439,-4.3981165e-07,0.0020082453
x0.01_Q400,0.01,400,1e-8,240,4,pt 10-14,10,14,0,pure tau1 slicing,tau1=0.0001,2,36.207516,0.19405049,8.0627709e-05,1.3242811e-05
x0.01_Q400,0.01,400,1e-8,240,4,pt 10-14,10,14,0,pure tau1 slicing,tau1=3e-05,1,9.0627384,0.0014200439,0,0.0020082453
x0.01_Q400,0.01,400,1e-8,240,4,pt 10-14,10,14,0,pure tau1 slicing,tau1=3e-05,2,36.207436,0.19405049,0,0
x0.01_Q400,0.01,400,1e-8,240,4,pt 10-14,10,14,0,pure tau1 slicing,tau1=1e-05,1,9.0627384,0.0014200439,0,0.0020082453
x0.01_Q400,0.01,400,1e-8,240,4,pt 10-14,10,14,0,pure tau1 slicing,tau1=1e-05,2,36.207436,0.19405049,0,0
x0.01_Q400,0.01,400,1e-8,240,5,pt 14-15,14,15,0,DISENT+P2B,,1,9.4961517,0.0029440029,0,0
x0.01_Q400,0.01,400,1e-8,240,5,pt 14-15,14,15,0,DISENT+P2B,,2,-7.2183987,0.50912427,0,0
x0.01_Q400,0.01,400,1e-8,240,5,pt 14-15,14,15,0,slicing+P2B,tau2=0.01,2,-58.490411,0.10855821,-51.272013,0.51255448
x0.01_Q400,0.01,400,1e-8,240,5,pt 14-15,14,15,0,slicing+P2B,tau2=0.001,2,-45.437731,0.47952063,-38.219333,0.65231082
x0.01_Q400,0.01,400,1e-8,240,5,pt 14-15,14,15,0,slicing+P2B,tau2=0.0001,2,-5.0185787,1.2453863,2.19982,1.2759005
x0.01_Q400,0.01,400,1e-8,240,5,pt 14-15,14,15,0,slicing+P2B,tau2=1e-05,2,-6.432715,2.6679318,0.78568365,2.6640386
x0.01_Q400,0.01,400,1e-8,240,5,pt 14-15,14,15,0,slicing+P2B,rho=0.1,2,-76.466623,0.72136082,-69.248224,0.85172427
x0.01_Q400,0.01,400,1e-8,240,5,pt 14-15,14,15,0,slicing+P2B,rho=0.03,2,-23.755404,1.1236356,-16.537005,1.1877545
x0.01_Q400,0.01,400,1e-8,240,5,pt 14-15,14,15,0,slicing+P2B,rho=0.01,2,-7.3292144,1.6118393,-0.11081577,1.6413488
x0.01_Q400,0.01,400,1e-8,240,5,pt 14-15,14,15,0,slicing+P2B,rho=0.003,2,-2.0429217,2.3623381,5.175477,2.3713886
x0.01_Q400,0.01,400,1e-8,240,5,pt 14-15,14,15,0,slicing+P2B,rho=0.001,2,-4.4297405,3.2421834,2.7886582,3.2418749
x0.01_Q400,0.01,400,1e-8,240,5,pt 14-15,14,15,0,slicing+P2B,rho=0.0003,2,-19.685827,4.5318293,-12.467428,4.526727
x0.01_Q400,0.01,400,1e-8,240,5,pt 14-15,14,15,0,slicing+P2B,rho=0.0001,2,-36.521472,6.1446595,-29.303074,6.1381181
x0.01_Q400,0.01,400,1e-8,240,5,pt 14-15,14,15,0,pure tau1 slicing,tau1=0.1,1,1.3758745,0.00048933985,-8.1202772,0.0029843938
x0.01_Q400,0.01,400,1e-8,240,5,pt 14-15,14,15,0,pure tau1 slicing,tau1=0.1,2,40.689915,0.099138877,47.908313,0.50723376
x0.01_Q400,0.01,400,1e-8,240,5,pt 14-15,14,15,0,pure tau1 slicing,tau1=0.03,1,3.5199239,0.0012788819,-5.9762278,0.0032097806
x0.01_Q400,0.01,400,1e-8,240,5,pt 14-15,14,15,0,pure tau1 slicing,tau1=0.03,2,110.66825,0.32693447,117.88665,0.41789943
x0.01_Q400,0.01,400,1e-8,240,5,pt 14-15,14,15,0,pure tau1 slicing,tau1=0.01,1,6.2981485,0.0022879457,-3.1980032,0.0037285182
x0.01_Q400,0.01,400,1e-8,240,5,pt 14-15,14,15,0,pure tau1 slicing,tau1=0.01,2,122.83361,0.49284778,130.05201,0.30152735
x0.01_Q400,0.01,400,1e-8,240,5,pt 14-15,14,15,0,pure tau1 slicing,tau1=0.003,1,8.2336354,0.0027421756,-1.2625163,0.0040232673
x0.01_Q400,0.01,400,1e-8,240,5,pt 14-15,14,15,0,pure tau1 slicing,tau1=0.003,2,86.805867,0.54566378,94.024265,0.29403754
x0.01_Q400,0.01,400,1e-8,240,5,pt 14-15,14,15,0,pure tau1 slicing,tau1=0.001,1,9.0800123,0.002889518,-0.41613936,0.0041251021
x0.01_Q400,0.01,400,1e-8,240,5,pt 14-15,14,15,0,pure tau1 slicing,tau1=0.001,2,40.928997,0.55977641,48.147395,0.2677043
x0.01_Q400,0.01,400,1e-8,240,5,pt 14-15,14,15,0,pure tau1 slicing,tau1=0.0003,1,9.4188632,0.002937228,-0.077288453,0.004158661
x0.01_Q400,0.01,400,1e-8,240,5,pt 14-15,14,15,0,pure tau1 slicing,tau1=0.0003,2,6.1187757,0.53309759,13.337174,0.16903879
x0.01_Q400,0.01,400,1e-8,240,5,pt 14-15,14,15,0,pure tau1 slicing,tau1=0.0001,1,9.4873322,0.0029436679,-0.0088194538,0.0041632119
x0.01_Q400,0.01,400,1e-8,240,5,pt 14-15,14,15,0,pure tau1 slicing,tau1=0.0001,2,-5.0661727,0.51295904,2.1522259,0.0630378
x0.01_Q400,0.01,400,1e-8,240,5,pt 14-15,14,15,0,pure tau1 slicing,tau1=3e-05,1,9.4959358,0.0029440019,-0.00021585406,0.0041634481
x0.01_Q400,0.01,400,1e-8,240,5,pt 14-15,14,15,0,pure tau1 slicing,tau1=3e-05,2,-7.1492351,0.5091536,0.069163572,0.0052350152
x0.01_Q400,0.01,400,1e-8,240,5,pt 14-15,14,15,0,pure tau1 slicing,tau1=1e-05,1,9.4961517,0.0029440029,-1.250752e-08,0.0041634488
x0.01_Q400,0.01,400,1e-8,240,5,pt 14-15,14,15,0,pure tau1 slicing,tau1=1e-05,2,-7.2183923,0.50912427,6.3610747e-06,5.1179042e-06
x0.01_Q400,0.01,400,1e-8,240,6,pt 15-16,15,16,1,DISENT+P2B,,1,-38.023826,0.0040759871,0,0
x0.01_Q400,0.01,400,1e-8,240,6,pt 15-16,15,16,1,DISENT+P2B,,2,-128.74087,0.58659456,0,0
x0.01_Q400,0.01,400,1e-8,240,6,pt 15-16,15,16,1,slicing+P2B,tau2=0.01,2,-4.2438358,0.22980753,124.49703,0.62480967
x0.01_Q400,0.01,400,1e-8,240,6,pt 15-16,15,16,1,slicing+P2B,tau2=0.001,2,-36.7802,0.85976122,91.96067,1.0055262
x0.01_Q400,0.01,400,1e-8,240,6,pt 15-16,15,16,1,slicing+P2B,tau2=0.0001,2,-127.75996,2.1744944,0.98090822,2.1975294
x0.01_Q400,0.01,400,1e-8,240,6,pt 15-16,15,16,1,slicing+P2B,tau2=1e-05,2,-124.7761,4.6243588,3.9647737,4.619031
x0.01_Q400,0.01,400,1e-8,240,6,pt 15-16,15,16,1,slicing+P2B,rho=0.1,2,36.31722,1.1693489,165.05809,1.2783878
x0.01_Q400,0.01,400,1e-8,240,6,pt 15-16,15,16,1,slicing+P2B,rho=0.03,2,-85.874199,1.8164996,42.86667,1.8668654
x0.01_Q400,0.01,400,1e-8,240,6,pt 15-16,15,16,1,slicing+P2B,rho=0.01,2,-120.32431,2.5989116,8.4165571,2.6203494
x0.01_Q400,0.01,400,1e-8,240,6,pt 15-16,15,16,1,slicing+P2B,rho=0.003,2,-132.18985,3.8466951,-3.4489758,3.8513384
x0.01_Q400,0.01,400,1e-8,240,6,pt 15-16,15,16,1,slicing+P2B,rho=0.001,2,-129.69216,5.298954,-0.95128683,5.296048
x0.01_Q400,0.01,400,1e-8,240,6,pt 15-16,15,16,1,slicing+P2B,rho=0.0003,2,-101.19098,7.447511,27.549887,7.4407673
x0.01_Q400,0.01,400,1e-8,240,6,pt 15-16,15,16,1,slicing+P2B,rho=0.0001,2,-43.823352,9.9468786,84.917518,9.9390584
x0.01_Q400,0.01,400,1e-8,240,6,pt 15-16,15,16,1,pure tau1 slicing,tau1=0.1,1,-15.431465,0.00069325484,22.592361,0.0041345221
x0.01_Q400,0.01,400,1e-8,240,6,pt 15-16,15,16,1,pure tau1 slicing,tau1=0.1,2,-237.05853,0.15393366,-108.31766,0.58670539
x0.01_Q400,0.01,400,1e-8,240,6,pt 15-16,15,16,1,pure tau1 slicing,tau1=0.03,1,-23.465066,0.0024464989,14.55876,0.0047538435
x0.01_Q400,0.01,400,1e-8,240,6,pt 15-16,15,16,1,pure tau1 slicing,tau1=0.03,2,-405.11555,0.55235362,-276.37468,0.65384337
x0.01_Q400,0.01,400,1e-8,240,6,pt 15-16,15,16,1,pure tau1 slicing,tau1=0.01,1,-30.232771,0.0060125978,7.7910542,0.0072639523
x0.01_Q400,0.01,400,1e-8,240,6,pt 15-16,15,16,1,pure tau1 slicing,tau1=0.01,2,-434.56967,1.3541823,-305.8288,1.3096975
x0.01_Q400,0.01,400,1e-8,240,6,pt 15-16,15,16,1,pure tau1 slicing,tau1=0.003,1,-34.883931,0.013741235,3.1398946,0.014333011
x0.01_Q400,0.01,400,1e-8,240,6,pt 15-16,15,16,1,pure tau1 slicing,tau1=0.003,2,-359.3162,3.4765155,-230.57533,3.4472835
x0.01_Q400,0.01,400,1e-8,240,6,pt 15-16,15,16,1,pure tau1 slicing,tau1=0.001,1,-36.951243,0.026458131,1.0725825,0.026770251
x0.01_Q400,0.01,400,1e-8,240,6,pt 15-16,15,16,1,pure tau1 slicing,tau1=0.001,2,-257.64721,8.6783935,-128.90634,8.6633935
x0.01_Q400,0.01,400,1e-8,240,6,pt 15-16,15,16,1,pure tau1 slicing,tau1=0.0003,1,-37.892272,0.051481313,0.13155316,0.051642417
x0.01_Q400,0.01,400,1e-8,240,6,pt 15-16,15,16,1,pure tau1 slicing,tau1=0.0003,2,-139.54755,21.295411,-10.806685,21.288281
x0.01_Q400,0.01,400,1e-8,240,6,pt 15-16,15,16,1,pure tau1 slicing,tau1=0.0001,1,-38.195712,0.091906192,-0.17188648,0.091996532
x0.01_Q400,0.01,400,1e-8,240,6,pt 15-16,15,16,1,pure tau1 slicing,tau1=0.0001,2,-107.33127,43.660444,21.409596,43.656748
x0.01_Q400,0.01,400,1e-8,240,6,pt 15-16,15,16,1,pure tau1 slicing,tau1=3e-05,1,-38.344691,0.17194083,-0.32086585,0.17198914
x0.01_Q400,0.01,400,1e-8,240,6,pt 15-16,15,16,1,pure tau1 slicing,tau1=3e-05,2,271.51818,102.96464,400.25905,102.96305
x0.01_Q400,0.01,400,1e-8,240,6,pt 15-16,15,16,1,pure tau1 slicing,tau1=1e-05,1,-38.495317,0.29991339,-0.47149119,0.29994109
x0.01_Q400,0.01,400,1e-8,240,6,pt 15-16,15,16,1,pure tau1 slicing,tau1=1e-05,2,1201.6506,195.68021,1330.3914,195.67938
x0.01_Q400,0.01,400,1e-8,240,7,pt 16-17,16,17,0,DISENT+P2B,,1,8.2575859,0.002593973,0,0
x0.01_Q400,0.01,400,1e-8,240,7,pt 16-17,16,17,0,DISENT+P2B,,2,-15.347366,0.3062265,0,0
x0.01_Q400,0.01,400,1e-8,240,7,pt 16-17,16,17,0,slicing+P2B,tau2=0.01,2,-56.902353,0.10754398,-41.554987,0.31980073
x0.01_Q400,0.01,400,1e-8,240,7,pt 16-17,16,17,0,slicing+P2B,tau2=0.001,2,-71.699339,0.46750883,-56.351973,0.53718577
x0.01_Q400,0.01,400,1e-8,240,7,pt 16-17,16,17,0,slicing+P2B,tau2=0.0001,2,-20.889582,1.23777,-5.5422158,1.2452401
x0.01_Q400,0.01,400,1e-8,240,7,pt 16-17,16,17,0,slicing+P2B,tau2=1e-05,2,-16.31315,2.6437228,-0.96578429,2.6391266
x0.01_Q400,0.01,400,1e-8,240,7,pt 16-17,16,17,0,slicing+P2B,rho=0.1,2,-89.787649,0.85937075,-74.440283,0.89280595
x0.01_Q400,0.01,400,1e-8,240,7,pt 16-17,16,17,0,slicing+P2B,rho=0.03,2,-42.084161,1.3207309,-26.736795,1.3320087
x0.01_Q400,0.01,400,1e-8,240,7,pt 16-17,16,17,0,slicing+P2B,rho=0.01,2,-26.527091,1.8658625,-11.179725,1.867878
x0.01_Q400,0.01,400,1e-8,240,7,pt 16-17,16,17,0,slicing+P2B,rho=0.003,2,-17.338764,2.7644069,-1.9913986,2.7617855
x0.01_Q400,0.01,400,1e-8,240,7,pt 16-17,16,17,0,slicing+P2B,rho=0.001,2,-15.610959,3.7820357,-0.26359326,3.7777218
x0.01_Q400,0.01,400,1e-8,240,7,pt 16-17,16,17,0,slicing+P2B,rho=0.0003,2,-28.439013,5.2874809,-13.091647,5.2825287
x0.01_Q400,0.01,400,1e-8,240,7,pt 16-17,16,17,0,slicing+P2B,rho=0.0001,2,-59.331108,6.924885,-43.983742,6.9199857
x0.01_Q400,0.01,400,1e-8,240,7,pt 16-17,16,17,0,pure tau1 slicing,tau1=0.1,1,1.1800301,0.00046218275,-7.0775557,0.0026348262
x0.01_Q400,0.01,400,1e-8,240,7,pt 16-17,16,17,0,pure tau1 slicing,tau1=0.1,2,34.048793,0.074151727,49.396158,0.30010966
x0.01_Q400,0.01,400,1e-8,240,7,pt 16-17,16,17,0,pure tau1 slicing,tau1=0.03,1,2.7913699,0.0010378005,-5.4662159,0.0027938729
x0.01_Q400,0.01,400,1e-8,240,7,pt 16-17,16,17,0,pure tau1 slicing,tau1=0.03,2,95.933511,0.15455718,111.28088,0.29654892
x0.01_Q400,0.01,400,1e-8,240,7,pt 16-17,16,17,0,pure tau1 slicing,tau1=0.01,1,4.7030534,0.0016709823,-3.5545325,0.003085592
x0.01_Q400,0.01,400,1e-8,240,7,pt 16-17,16,17,0,pure tau1 slicing,tau1=0.01,2,128.97863,0.26081124,144.326,0.31512121
x0.01_Q400,0.01,400,1e-8,240,7,pt 16-17,16,17,0,pure tau1 slicing,tau1=0.003,1,6.564286,0.0022132181,-1.6932998,0.0034098432
x0.01_Q400,0.01,400,1e-8,240,7,pt 16-17,16,17,0,pure tau1 slicing,tau1=0.003,2,108.06118,0.3750944,123.40855,0.34924664
x0.01_Q400,0.01,400,1e-8,240,7,pt 16-17,16,17,0,pure tau1 slicing,tau1=0.001,1,7.6109183,0.0024713561,-0.64666757,0.0035827779
x0.01_Q400,0.01,400,1e-8,240,7,pt 16-17,16,17,0,pure tau1 slicing,tau1=0.001,2,56.638373,0.41478934,71.985739,0.33670314
x0.01_Q400,0.01,400,1e-8,240,7,pt 16-17,16,17,0,pure tau1 slicing,tau1=0.0003,1,8.1077263,0.0025724964,-0.14985955,0.0036532771
x0.01_Q400,0.01,400,1e-8,240,7,pt 16-17,16,17,0,pure tau1 slicing,tau1=0.0003,2,9.830282,0.38431595,25.177648,0.25002552
x0.01_Q400,0.01,400,1e-8,240,7,pt 16-17,16,17,0,pure tau1 slicing,tau1=0.0001,1,8.2348706,0.0025921634,-0.022715277,0.0036671524
x0.01_Q400,0.01,400,1e-8,240,7,pt 16-17,16,17,0,pure tau1 slicing,tau1=0.0001,2,-10.015952,0.3257178,5.3314141,0.11392989
x0.01_Q400,0.01,400,1e-8,240,7,pt 16-17,16,17,0,pure tau1 slicing,tau1=3e-05,1,8.2565252,0.0025939501,-0.0010606323,0.0036684157
x0.01_Q400,0.01,400,1e-8,240,7,pt 16-17,16,17,0,pure tau1 slicing,tau1=3e-05,2,-15.002239,0.30688982,0.34512687,0.020286993
x0.01_Q400,0.01,400,1e-8,240,7,pt 16-17,16,17,0,pure tau1 slicing,tau1=1e-05,1,8.2575825,0.002593973,-3.3762172e-06,0.0036684318
x0.01_Q400,0.01,400,1e-8,240,7,pt 16-17,16,17,0,pure tau1 slicing,tau1=1e-05,2,-15.345877,0.30622677,0.001488855,0.00037262082
x0.01_Q400,0.01,400,1e-8,240,8,pt 17-20,17,20,0,DISENT+P2B,,1,4.8807683,0.00099546978,0,0
x0.01_Q400,0.01,400,1e-8,240,8,pt 17-20,17,20,0,DISENT+P2B,,2,34.246428,0.10966894,0,0
x0.01_Q400,0.01,400,1e-8,240,8,pt 17-20,17,20,0,slicing+P2B,tau2=0.01,2,11.928697,0.10115764,-22.317732,0.14366457
x0.01_Q400,0.01,400,1e-8,240,8,pt 17-20,17,20,0,slicing+P2B,tau2=0.001,2,31.749674,0.32336568,-2.496754,0.33068856
x0.01_Q400,0.01,400,1e-8,240,8,pt 17-20,17,20,0,slicing+P2B,tau2=0.0001,2,34.634667,0.75185208,0.38823918,0.75139692
x0.01_Q400,0.01,400,1e-8,240,8,pt 17-20,17,20,0,slicing+P2B,tau2=1e-05,2,34.207682,1.561927,-0.038746331,1.5603825
x0.01_Q400,0.01,400,1e-8,240,8,pt 17-20,17,20,0,slicing+P2B,rho=0.1,2,19.5385,0.22846744,-14.707928,0.24547147
x0.01_Q400,0.01,400,1e-8,240,8,pt 17-20,17,20,0,slicing+P2B,rho=0.03,2,30.166839,0.36976655,-4.0795894,0.37638549
x0.01_Q400,0.01,400,1e-8,240,8,pt 17-20,17,20,0,slicing+P2B,rho=0.01,2,33.358458,0.54981051,-0.88797019,0.55177695
x0.01_Q400,0.01,400,1e-8,240,8,pt 17-20,17,20,0,slicing+P2B,rho=0.003,2,34.024874,0.82303082,-0.22155384,0.822723
x0.01_Q400,0.01,400,1e-8,240,8,pt 17-20,17,20,0,slicing+P2B,rho=0.001,2,33.626593,1.1679395,-0.6198354,1.1668008
x0.01_Q400,0.01,400,1e-8,240,8,pt 17-20,17,20,0,slicing+P2B,rho=0.0003,2,34.327072,1.6901701,0.08064417,1.6887095
x0.01_Q400,0.01,400,1e-8,240,8,pt 17-20,17,20,0,slicing+P2B,rho=0.0001,2,29.955867,2.2979207,-4.2905616,2.2965709
x0.01_Q400,0.01,400,1e-8,240,8,pt 17-20,17,20,0,pure tau1 slicing,tau1=0.1,1,1.9549375,0.00047482655,-2.9258308,0.0011029145
x0.01_Q400,0.01,400,1e-8,240,8,pt 17-20,17,20,0,pure tau1 slicing,tau1=0.1,2,41.441013,0.058925953,7.194585,0.10113017
x0.01_Q400,0.01,400,1e-8,240,8,pt 17-20,17,20,0,pure tau1 slicing,tau1=0.03,1,3.3970572,0.00075892362,-1.4837111,0.0012517688
x0.01_Q400,0.01,400,1e-8,240,8,pt 17-20,17,20,0,pure tau1 slicing,tau1=0.03,2,64.1183,0.095369413,29.871871,0.097601056
x0.01_Q400,0.01,400,1e-8,240,8,pt 17-20,17,20,0,pure tau1 slicing,tau1=0.01,1,4.2961535,0.00091678564,-0.58461482,0.001353313
x0.01_Q400,0.01,400,1e-8,240,8,pt 17-20,17,20,0,pure tau1 slicing,tau1=0.01,2,61.140596,0.1184118,26.894167,0.091932229
x0.01_Q400,0.01,400,1e-8,240,8,pt 17-20,17,20,0,pure tau1 slicing,tau1=0.003,1,4.7433544,0.00098168874,-0.13741397,0.0013980962
x0.01_Q400,0.01,400,1e-8,240,8,pt 17-20,17,20,0,pure tau1 slicing,tau1=0.003,2,46.278724,0.12351337,12.032296,0.067416231
x0.01_Q400,0.01,400,1e-8,240,8,pt 17-20,17,20,0,pure tau1 slicing,tau1=0.001,1,4.8601006,0.00099436221,-0.020667691,0.0014070239
x0.01_Q400,0.01,400,1e-8,240,8,pt 17-20,17,20,0,pure tau1 slicing,tau1=0.001,2,37.14211,0.11382546,2.8956816,0.032529734
x0.01_Q400,0.01,400,1e-8,240,8,pt 17-20,17,20,0,pure tau1 slicing,tau1=0.0003,1,4.8798361,0.0009954597,-0.00093226679,0.0014077997
x0.01_Q400,0.01,400,1e-8,240,8,pt 17-20,17,20,0,pure tau1 slicing,tau1=0.0003,2,34.449576,0.10982603,0.20314722,0.0058766526
x0.01_Q400,0.01,400,1e-8,240,8,pt 17-20,17,20,0,pure tau1 slicing,tau1=0.0001,1,4.8807661,0.0009954698,-2.252362e-06,0.0014078069
x0.01_Q400,0.01,400,1e-8,240,8,pt 17-20,17,20,0,pure tau1 slicing,tau1=0.0001,2,34.2475,0.10966927,0.0010719289,0.00026452693
x0.01_Q400,0.01,400,1e-8,240,8,pt 17-20,17,20,0,pure tau1 slicing,tau1=3e-05,1,4.8807683,0.00099546978,0,0.0014078069
x0.01_Q400,0.01,400,1e-8,240,8,pt 17-20,17,20,0,pure tau1 slicing,tau1=3e-05,2,34.246428,0.10966894,0,0
x0.01_Q400,0.01,400,1e-8,240,8,pt 17-20,17,20,0,pure tau1 slicing,tau1=1e-05,1,4.8807683,0.00099546978,0,0.0014078069
x0.01_Q400,0.01,400,1e-8,240,8,pt 17-20,17,20,0,pure tau1 slicing,tau1=1e-05,2,34.246428,0.10966894,0,0
x0.01_Q400,0.01,400,1e-8,240,9,pt 20-40,20,40,0,DISENT+P2B,,1,2.2158444,0.00031495935,0,0
x0.01_Q400,0.01,400,1e-8,240,9,pt 20-40,20,40,0,DISENT+P2B,,2,26.349932,0.032407052,0,0
x0.01_Q400,0.01,400,1e-8,240,9,pt 20-40,20,40,0,slicing+P2B,tau2=0.01,2,24.522848,0.063675387,-1.8270838,0.068146283
x0.01_Q400,0.01,400,1e-8,240,9,pt 20-40,20,40,0,slicing+P2B,tau2=0.001,2,26.386645,0.16810908,0.036713041,0.16831443
x0.01_Q400,0.01,400,1e-8,240,9,pt 20-40,20,40,0,slicing+P2B,tau2=0.0001,2,26.266749,0.37238754,-0.083183029,0.37193146
x0.01_Q400,0.01,400,1e-8,240,9,pt 20-40,20,40,0,slicing+P2B,tau2=1e-05,2,25.904004,0.75164136,-0.44592795,0.75122191
x0.01_Q400,0.01,400,1e-8,240,9,pt 20-40,20,40,0,slicing+P2B,rho=0.1,2,22.830013,0.060139049,-3.5199195,0.065340923
x0.01_Q400,0.01,400,1e-8,240,9,pt 20-40,20,40,0,slicing+P2B,rho=0.03,2,25.350996,0.10286384,-0.99893638,0.10472451
x0.01_Q400,0.01,400,1e-8,240,9,pt 20-40,20,40,0,slicing+P2B,rho=0.01,2,25.994815,0.15872815,-0.35511763,0.15918476
x0.01_Q400,0.01,400,1e-8,240,9,pt 20-40,20,40,0,slicing+P2B,rho=0.003,2,25.922149,0.24347751,-0.4277835,0.24329846
x0.01_Q400,0.01,400,1e-8,240,9,pt 20-40,20,40,0,slicing+P2B,rho=0.001,2,26.215648,0.35158933,-0.13428413,0.35121786
x0.01_Q400,0.01,400,1e-8,240,9,pt 20-40,20,40,0,slicing+P2B,rho=0.0003,2,26.140495,0.51248264,-0.20943702,0.5120716
x0.01_Q400,0.01,400,1e-8,240,9,pt 20-40,20,40,0,slicing+P2B,rho=0.0001,2,25.446101,0.71082082,-0.90383069,0.71043973
x0.01_Q400,0.01,400,1e-8,240,9,pt 20-40,20,40,0,pure tau1 slicing,tau1=0.1,1,1.6403939,0.00025833508,-0.57545043,0.00040735292
x0.01_Q400,0.01,400,1e-8,240,9,pt 20-40,20,40,0,pure tau1 slicing,tau1=0.1,2,30.866366,0.030149064,4.5164339,0.024634938
x0.01_Q400,0.01,400,1e-8,240,9,pt 20-40,20,40,0,pure tau1 slicing,tau1=0.03,1,2.0725977,0.00030382944,-0.1432467,0.00043762052
x0.01_Q400,0.01,400,1e-8,240,9,pt 20-40,20,40,0,pure tau1 slicing,tau1=0.03,2,31.165868,0.034255224,4.815936,0.018122415
x0.01_Q400,0.01,400,1e-8,240,9,pt 20-40,20,40,0,pure tau1 slicing,tau1=0.01,1,2.1923051,0.00031391325,-0.023539278,0.00044468069
x0.01_Q400,0.01,400,1e-8,240,9,pt 20-40,20,40,0,pure tau1 slicing,tau1=0.01,2,28.01791,0.033358504,1.6679782,0.0094082725
x0.01_Q400,0.01,400,1e-8,240,9,pt 20-40,20,40,0,pure tau1 slicing,tau1=0.003,1,2.2146487,0.00031495074,-0.0011956283,0.00044541369
x0.01_Q400,0.01,400,1e-8,240,9,pt 20-40,20,40,0,pure tau1 slicing,tau1=0.003,2,26.509885,0.032496993,0.15995309,0.0024939086
x0.01_Q400,0.01,400,1e-8,240,9,pt 20-40,20,40,0,pure tau1 slicing,tau1=0.001,1,2.2158403,0.0003149594,-4.0989622e-06,0.00044541981
x0.01_Q400,0.01,400,1e-8,240,9,pt 20-40,20,40,0,pure tau1 slicing,tau1=0.001,2,26.350851,0.032407132,0.00091922536,7.1824351e-05
x0.01_Q400,0.01,400,1e-8,240,9,pt 20-40,20,40,0,pure tau1 slicing,tau1=0.0003,1,2.2158444,0.00031495935,0,0.00044541978
x0.01_Q400,0.01,400,1e-8,240,9,pt 20-40,20,40,0,pure tau1 slicing,tau1=0.0003,2,26.349932,0.032407052,0,0
x0.01_Q400,0.01,400,1e-8,240,9,pt 20-40,20,40,0,pure tau1 slicing,tau1=0.0001,1,2.2158444,0.00031495935,0,0.00044541978
x0.01_Q400,0.01,400,1e-8,240,9,pt 20-40,20,40,0,pure tau1 slicing,tau1=0.0001,2,26.349932,0.032407052,0,0
x0.01_Q400,0.01,400,1e-8,240,9,pt 20-40,20,40,0,pure tau1 slicing,tau1=3e-05,1,2.2158444,0.00031495935,0,0.00044541978
x0.01_Q400,0.01,400,1e-8,240,9,pt 20-40,20,40,0,pure tau1 slicing,tau1=3e-05,2,26.349932,0.032407052,0,0
x0.01_Q400,0.01,400,1e-8,240,9,pt 20-40,20,40,0,pure tau1 slicing,tau1=1e-05,1,2.2158444,0.00031495935,0,0.00044541978
x0.01_Q400,0.01,400,1e-8,240,9,pt 20-40,20,40,0,pure tau1 slicing,tau1=1e-05,2,26.349932,0.032407052,0,0
x0.01_Q400,0.01,400,1e-8,240,10,eta -1..-0.6,-1,-0.6,0,DISENT+P2B,,1,1.2369568,0.00040781874,0,0
x0.01_Q400,0.01,400,1e-8,240,10,eta -1..-0.6,-1,-0.6,0,DISENT+P2B,,2,-6.546369,0.056357287,0,0
x0.01_Q400,0.01,400,1e-8,240,10,eta -1..-0.6,-1,-0.6,0,slicing+P2B,tau2=0.01,2,-5.8789826,0.049616019,0.66738643,0.070213224
x0.01_Q400,0.01,400,1e-8,240,10,eta -1..-0.6,-1,-0.6,0,slicing+P2B,tau2=0.001,2,-5.9544185,0.14865339,0.59195051,0.15187476
x0.01_Q400,0.01,400,1e-8,240,10,eta -1..-0.6,-1,-0.6,0,slicing+P2B,tau2=0.0001,2,-6.7133307,0.34332597,-0.16696168,0.34274561
x0.01_Q400,0.01,400,1e-8,240,10,eta -1..-0.6,-1,-0.6,0,slicing+P2B,tau2=1e-05,2,-7.175137,0.70891195,-0.62876804,0.70789618
x0.01_Q400,0.01,400,1e-8,240,10,eta -1..-0.6,-1,-0.6,0,slicing+P2B,rho=0.1,2,-5.1321576,0.076161854,1.4142114,0.08978742
x0.01_Q400,0.01,400,1e-8,240,10,eta -1..-0.6,-1,-0.6,0,slicing+P2B,rho=0.03,2,-5.9031782,0.12930551,0.64319083,0.13517277
x0.01_Q400,0.01,400,1e-8,240,10,eta -1..-0.6,-1,-0.6,0,slicing+P2B,rho=0.01,2,-6.4179575,0.19797676,0.12841146,0.20011767
x0.01_Q400,0.01,400,1e-8,240,10,eta -1..-0.6,-1,-0.6,0,slicing+P2B,rho=0.003,2,-6.55928,0.30345005,-0.012911025,0.30368698
x0.01_Q400,0.01,400,1e-8,240,10,eta -1..-0.6,-1,-0.6,0,slicing+P2B,rho=0.001,2,-6.7651659,0.43554493,-0.21879689,0.43497577
x0.01_Q400,0.01,400,1e-8,240,10,eta -1..-0.6,-1,-0.6,0,slicing+P2B,rho=0.0003,2,-6.6820829,0.63178338,-0.13571386,0.63095311
x0.01_Q400,0.01,400,1e-8,240,10,eta -1..-0.6,-1,-0.6,0,slicing+P2B,rho=0.0001,2,-7.507781,0.87221326,-0.96141202,0.8713689
x0.01_Q400,0.01,400,1e-8,240,10,eta -1..-0.6,-1,-0.6,0,pure tau1 slicing,tau1=0.1,1,0.4824303,0.00025925876,-0.75452654,0.00048325069
x0.01_Q400,0.01,400,1e-8,240,10,eta -1..-0.6,-1,-0.6,0,pure tau1 slicing,tau1=0.1,2,2.4830745,0.042399875,9.0294435,0.043874005
x0.01_Q400,0.01,400,1e-8,240,10,eta -1..-0.6,-1,-0.6,0,pure tau1 slicing,tau1=0.03,1,1.0047358,0.00037479102,-0.23222101,0.00055388124
x0.01_Q400,0.01,400,1e-8,240,10,eta -1..-0.6,-1,-0.6,0,pure tau1 slicing,tau1=0.03,2,1.6530679,0.056234818,8.1994369,0.033753289
x0.01_Q400,0.01,400,1e-8,240,10,eta -1..-0.6,-1,-0.6,0,pure tau1 slicing,tau1=0.01,1,1.1933692,0.00040404769,-0.043587662,0.00057408245
x0.01_Q400,0.01,400,1e-8,240,10,eta -1..-0.6,-1,-0.6,0,pure tau1 slicing,tau1=0.01,2,-3.5232314,0.05797886,3.0231376,0.019941292
x0.01_Q400,0.01,400,1e-8,240,10,eta -1..-0.6,-1,-0.6,0,pure tau1 slicing,tau1=0.003,1,1.2337911,0.00040772881,-0.0031657232,0.0005766792
x0.01_Q400,0.01,400,1e-8,240,10,eta -1..-0.6,-1,-0.6,0,pure tau1 slicing,tau1=0.003,2,-6.150109,0.056533253,0.39625998,0.00476389
x0.01_Q400,0.01,400,1e-8,240,10,eta -1..-0.6,-1,-0.6,0,pure tau1 slicing,tau1=0.001,1,1.236901,0.00040781868,-5.5844321e-05,0.00057674275
x0.01_Q400,0.01,400,1e-8,240,10,eta -1..-0.6,-1,-0.6,0,pure tau1 slicing,tau1=0.001,2,-6.5341349,0.056362336,0.012234099,0.00075504603
x0.01_Q400,0.01,400,1e-8,240,10,eta -1..-0.6,-1,-0.6,0,pure tau1 slicing,tau1=0.0003,1,1.2369568,0.00040781874,0,0.00057674279
x0.01_Q400,0.01,400,1e-8,240,10,eta -1..-0.6,-1,-0.6,0,pure tau1 slicing,tau1=0.0003,2,-6.546369,0.056357287,0,0
x0.01_Q400,0.01,400,1e-8,240,10,eta -1..-0.6,-1,-0.6,0,pure tau1 slicing,tau1=0.0001,1,1.2369568,0.00040781874,0,0.00057674279
x0.01_Q400,0.01,400,1e-8,240,10,eta -1..-0.6,-1,-0.6,0,pure tau1 slicing,tau1=0.0001,2,-6.546369,0.056357287,0,0
x0.01_Q400,0.01,400,1e-8,240,10,eta -1..-0.6,-1,-0.6,0,pure tau1 slicing,tau1=3e-05,1,1.2369568,0.00040781874,0,0.00057674279
x0.01_Q400,0.01,400,1e-8,240,10,eta -1..-0.6,-1,-0.6,0,pure tau1 slicing,tau1=3e-05,2,-6.546369,0.056357287,0,0
x0.01_Q400,0.01,400,1e-8,240,10,eta -1..-0.6,-1,-0.6,0,pure tau1 slicing,tau1=1e-05,1,1.2369568,0.00040781874,0,0.00057674279
x0.01_Q400,0.01,400,1e-8,240,10,eta -1..-0.6,-1,-0.6,0,pure tau1 slicing,tau1=1e-05,2,-6.546369,0.056357287,0,0
x0.01_Q400,0.01,400,1e-8,240,11,eta -0.6..-0.4,-0.6,-0.4,0,DISENT+P2B,,1,5.8987707,0.0015049984,0,0
x0.01_Q400,0.01,400,1e-8,240,11,eta -0.6..-0.4,-0.6,-0.4,0,DISENT+P2B,,2,-44.634437,0.19731918,0,0
x0.01_Q400,0.01,400,1e-8,240,11,eta -0.6..-0.4,-0.6,-0.4,0,slicing+P2B,tau2=0.01,2,-42.826847,0.086173003,1.8075899,0.21184866
x0.01_Q400,0.01,400,1e-8,240,11,eta -0.6..-0.4,-0.6,-0.4,0,slicing+P2B,tau2=0.001,2,-47.124729,0.347757,-2.4902921,0.38353285
x0.01_Q400,0.01,400,1e-8,240,11,eta -0.6..-0.4,-0.6,-0.4,0,slicing+P2B,tau2=0.0001,2,-43.011281,0.8503434,1.6231553,0.85508654
x0.01_Q400,0.01,400,1e-8,240,11,eta -0.6..-0.4,-0.6,-0.4,0,slicing+P2B,tau2=1e-05,2,-45.155976,1.8049598,-0.5215396,1.8024767
x0.01_Q400,0.01,400,1e-8,240,11,eta -0.6..-0.4,-0.6,-0.4,0,slicing+P2B,rho=0.1,2,-48.598316,0.36522988,-3.963879,0.40345729
x0.01_Q400,0.01,400,1e-8,240,11,eta -0.6..-0.4,-0.6,-0.4,0,slicing+P2B,rho=0.03,2,-41.908299,0.57896784,2.7261375,0.59703242
x0.01_Q400,0.01,400,1e-8,240,11,eta -0.6..-0.4,-0.6,-0.4,0,slicing+P2B,rho=0.01,2,-41.290931,0.85913876,3.3435057,0.86693207
x0.01_Q400,0.01,400,1e-8,240,11,eta -0.6..-0.4,-0.6,-0.4,0,slicing+P2B,rho=0.003,2,-44.387856,1.2595612,0.24658075,1.2615672
x0.01_Q400,0.01,400,1e-8,240,11,eta -0.6..-0.4,-0.6,-0.4,0,slicing+P2B,rho=0.001,2,-45.173754,1.7678008,-0.5393171,1.7671004
x0.01_Q400,0.01,400,1e-8,240,11,eta -0.6..-0.4,-0.6,-0.4,0,slicing+P2B,rho=0.0003,2,-48.220392,2.5098148,-3.5859548,2.5076521
x0.01_Q400,0.01,400,1e-8,240,11,eta -0.6..-0.4,-0.6,-0.4,0,slicing+P2B,rho=0.0001,2,-56.212555,3.3967397,-11.578119,3.3940728
x0.01_Q400,0.01,400,1e-8,240,11,eta -0.6..-0.4,-0.6,-0.4,0,pure tau1 slicing,tau1=0.1,1,0.92509538,0.00039900338,-4.9736754,0.0015569919
x0.01_Q400,0.01,400,1e-8,240,11,eta -0.6..-0.4,-0.6,-0.4,0,pure tau1 slicing,tau1=0.1,2,17.820861,0.069961848,62.455298,0.18824817
x0.01_Q400,0.01,400,1e-8,240,11,eta -0.6..-0.4,-0.6,-0.4,0,pure tau1 slicing,tau1=0.03,1,3.0379377,0.00097139457,-2.860833,0.0017912642
x0.01_Q400,0.01,400,1e-8,240,11,eta -0.6..-0.4,-0.6,-0.4,0,pure tau1 slicing,tau1=0.03,2,27.574007,0.15179453,72.208444,0.16035837
x0.01_Q400,0.01,400,1e-8,240,11,eta -0.6..-0.4,-0.6,-0.4,0,pure tau1 slicing,tau1=0.01,1,4.6065444,0.0012968393,-1.2922264,0.0019866586
x0.01_Q400,0.01,400,1e-8,240,11,eta -0.6..-0.4,-0.6,-0.4,0,pure tau1 slicing,tau1=0.01,2,17.051872,0.19658393,61.686309,0.1592821
x0.01_Q400,0.01,400,1e-8,240,11,eta -0.6..-0.4,-0.6,-0.4,0,pure tau1 slicing,tau1=0.003,1,5.5126673,0.0014524763,-0.38610348,0.0020915802
x0.01_Q400,0.01,400,1e-8,240,11,eta -0.6..-0.4,-0.6,-0.4,0,pure tau1 slicing,tau1=0.003,2,-11.837016,0.22023613,32.797421,0.14306564
x0.01_Q400,0.01,400,1e-8,240,11,eta -0.6..-0.4,-0.6,-0.4,0,pure tau1 slicing,tau1=0.001,1,5.8155425,0.0014969631,-0.083228194,0.002122715
x0.01_Q400,0.01,400,1e-8,240,11,eta -0.6..-0.4,-0.6,-0.4,0,pure tau1 slicing,tau1=0.001,2,-33.833936,0.21167014,10.8005,0.099194258
x0.01_Q400,0.01,400,1e-8,240,11,eta -0.6..-0.4,-0.6,-0.4,0,pure tau1 slicing,tau1=0.0003,1,5.8911326,0.0015047023,-0.0076381583,0.0021281798
x0.01_Q400,0.01,400,1e-8,240,11,eta -0.6..-0.4,-0.6,-0.4,0,pure tau1 slicing,tau1=0.0003,2,-43.133103,0.19926564,1.5013339,0.029343119
x0.01_Q400,0.01,400,1e-8,240,11,eta -0.6..-0.4,-0.6,-0.4,0,pure tau1 slicing,tau1=0.0001,1,5.8985089,0.0015049971,-0.00026179323,0.0021283882
x0.01_Q400,0.01,400,1e-8,240,11,eta -0.6..-0.4,-0.6,-0.4,0,pure tau1 slicing,tau1=0.0001,2,-44.55903,0.19736455,0.075406672,0.0041904673
x0.01_Q400,0.01,400,1e-8,240,11,eta -0.6..-0.4,-0.6,-0.4,0,pure tau1 slicing,tau1=3e-05,1,5.8987707,0.0015049984,-3.1672753e-09,0.0021283891
x0.01_Q400,0.01,400,1e-8,240,11,eta -0.6..-0.4,-0.6,-0.4,0,pure tau1 slicing,tau1=3e-05,2,-44.634436,0.19731918,6.5581503e-07,5.1424229e-07
x0.01_Q400,0.01,400,1e-8,240,11,eta -0.6..-0.4,-0.6,-0.4,0,pure tau1 slicing,tau1=1e-05,1,5.8987707,0.0015049984,0,0.0021283891
x0.01_Q400,0.01,400,1e-8,240,11,eta -0.6..-0.4,-0.6,-0.4,0,pure tau1 slicing,tau1=1e-05,2,-44.634437,0.19731918,0,0
x0.01_Q400,0.01,400,1e-8,240,12,eta -0.4..-0.2,-0.4,-0.2,1,DISENT+P2B,,1,-23.356419,0.0018996816,0,0
x0.01_Q400,0.01,400,1e-8,240,12,eta -0.4..-0.2,-0.4,-0.2,1,DISENT+P2B,,2,-147.59927,0.22583765,0,0
x0.01_Q400,0.01,400,1e-8,240,12,eta -0.4..-0.2,-0.4,-0.2,1,slicing+P2B,tau2=0.01,2,-128.70611,0.19438498,18.893167,0.29104431
x0.01_Q400,0.01,400,1e-8,240,12,eta -0.4..-0.2,-0.4,-0.2,1,slicing+P2B,tau2=0.001,2,-146.66806,0.61555099,0.93121689,0.63801361
x0.01_Q400,0.01,400,1e-8,240,12,eta -0.4..-0.2,-0.4,-0.2,1,slicing+P2B,tau2=0.0001,2,-150.31292,1.4479506,-2.7136514,1.4493071
x0.01_Q400,0.01,400,1e-8,240,12,eta -0.4..-0.2,-0.4,-0.2,1,slicing+P2B,tau2=1e-05,2,-142.75747,3.0172189,4.8418006,3.0142351
x0.01_Q400,0.01,400,1e-8,240,12,eta -0.4..-0.2,-0.4,-0.2,1,slicing+P2B,rho=0.1,2,-120.30399,0.4152259,27.295285,0.45794807
x0.01_Q400,0.01,400,1e-8,240,12,eta -0.4..-0.2,-0.4,-0.2,1,slicing+P2B,rho=0.03,2,-144.65666,0.67260187,2.9426165,0.69122562
x0.01_Q400,0.01,400,1e-8,240,12,eta -0.4..-0.2,-0.4,-0.2,1,slicing+P2B,rho=0.01,2,-150.1187,1.012393,-2.5194257,1.0195636
x0.01_Q400,0.01,400,1e-8,240,12,eta -0.4..-0.2,-0.4,-0.2,1,slicing+P2B,rho=0.003,2,-147.852,1.5113547,-0.25272584,1.5123485
x0.01_Q400,0.01,400,1e-8,240,12,eta -0.4..-0.2,-0.4,-0.2,1,slicing+P2B,rho=0.001,2,-146.38502,2.1449157,1.2142567,2.143292
x0.01_Q400,0.01,400,1e-8,240,12,eta -0.4..-0.2,-0.4,-0.2,1,slicing+P2B,rho=0.0003,2,-142.74378,3.0797624,4.8554875,3.0768734
x0.01_Q400,0.01,400,1e-8,240,12,eta -0.4..-0.2,-0.4,-0.2,1,slicing+P2B,rho=0.0001,2,-130.95215,4.2088153,16.647125,4.2055981
x0.01_Q400,0.01,400,1e-8,240,12,eta -0.4..-0.2,-0.4,-0.2,1,pure tau1 slicing,tau1=0.1,1,-15.239892,0.00072412497,8.1165265,0.0020330143
x0.01_Q400,0.01,400,1e-8,240,12,eta -0.4..-0.2,-0.4,-0.2,1,pure tau1 slicing,tau1=0.1,2,-200.65474,0.15188158,-53.055467,0.24214381
x0.01_Q400,0.01,400,1e-8,240,12,eta -0.4..-0.2,-0.4,-0.2,1,pure tau1 slicing,tau1=0.03,1,-19.723221,0.0028363183,3.6331977,0.0034137211
x0.01_Q400,0.01,400,1e-8,240,12,eta -0.4..-0.2,-0.4,-0.2,1,pure tau1 slicing,tau1=0.03,2,-216.56667,0.49568302,-68.967403,0.49047262
x0.01_Q400,0.01,400,1e-8,240,12,eta -0.4..-0.2,-0.4,-0.2,1,pure tau1 slicing,tau1=0.01,1,-21.940968,0.0065223684,1.4154508,0.006793385
x0.01_Q400,0.01,400,1e-8,240,12,eta -0.4..-0.2,-0.4,-0.2,1,pure tau1 slicing,tau1=0.01,2,-197.64514,1.3052573,-50.045872,1.2966055
x0.01_Q400,0.01,400,1e-8,240,12,eta -0.4..-0.2,-0.4,-0.2,1,pure tau1 slicing,tau1=0.003,1,-23.002796,0.014056769,0.35362271,0.014184553
x0.01_Q400,0.01,400,1e-8,240,12,eta -0.4..-0.2,-0.4,-0.2,1,pure tau1 slicing,tau1=0.003,2,-174.39288,3.4643547,-26.793606,3.4593155
x0.01_Q400,0.01,400,1e-8,240,12,eta -0.4..-0.2,-0.4,-0.2,1,pure tau1 slicing,tau1=0.001,1,-23.296155,0.026615671,0.060263937,0.026683379
x0.01_Q400,0.01,400,1e-8,240,12,eta -0.4..-0.2,-0.4,-0.2,1,pure tau1 slicing,tau1=0.001,2,-162.60988,8.6733663,-15.010606,8.6710533
x0.01_Q400,0.01,400,1e-8,240,12,eta -0.4..-0.2,-0.4,-0.2,1,pure tau1 slicing,tau1=0.0003,1,-23.445832,0.051540195,-0.08941347,0.051575193
x0.01_Q400,0.01,400,1e-8,240,12,eta -0.4..-0.2,-0.4,-0.2,1,pure tau1 slicing,tau1=0.0003,2,-121.0711,21.291131,26.528175,21.29013
x0.01_Q400,0.01,400,1e-8,240,12,eta -0.4..-0.2,-0.4,-0.2,1,pure tau1 slicing,tau1=0.0001,1,-23.559581,0.091923071,-0.20316211,0.091942698
x0.01_Q400,0.01,400,1e-8,240,12,eta -0.4..-0.2,-0.4,-0.2,1,pure tau1 slicing,tau1=0.0001,2,-118.78029,43.657356,28.818982,43.656893
x0.01_Q400,0.01,400,1e-8,240,12,eta -0.4..-0.2,-0.4,-0.2,1,pure tau1 slicing,tau1=3e-05,1,-23.678561,0.17193892,-0.32214233,0.17194941
x0.01_Q400,0.01,400,1e-8,240,12,eta -0.4..-0.2,-0.4,-0.2,1,pure tau1 slicing,tau1=3e-05,2,253.07407,102.96322,400.67334,102.96305
x0.01_Q400,0.01,400,1e-8,240,12,eta -0.4..-0.2,-0.4,-0.2,1,pure tau1 slicing,tau1=1e-05,1,-23.827913,0.2999059,-0.47149458,0.29991192
x0.01_Q400,0.01,400,1e-8,240,12,eta -0.4..-0.2,-0.4,-0.2,1,pure tau1 slicing,tau1=1e-05,2,1182.7936,195.67946,1330.3929,195.67938
x0.01_Q400,0.01,400,1e-8,240,13,eta -0.2..0.2,-0.2,0.2,0,DISENT+P2B,,1,8.753544,0.0012317211,0,0
x0.01_Q400,0.01,400,1e-8,240,13,eta -0.2..0.2,-0.2,0.2,0,DISENT+P2B,,2,102.07158,0.12532633,0,0
x0.01_Q400,0.01,400,1e-8,240,13,eta -0.2..0.2,-0.2,0.2,0,slicing+P2B,tau2=0.01,2,79.421608,0.13609351,-22.64997,0.1737981
x0.01_Q400,0.01,400,1e-8,240,13,eta -0.2..0.2,-0.2,0.2,0,slicing+P2B,tau2=0.001,2,103.10667,0.40559311,1.0350907,0.40965898
x0.01_Q400,0.01,400,1e-8,240,13,eta -0.2..0.2,-0.2,0.2,0,slicing+P2B,tau2=0.0001,2,103.11946,0.93892065,1.0478818,0.93755186
x0.01_Q400,0.01,400,1e-8,240,13,eta -0.2..0.2,-0.2,0.2,0,slicing+P2B,tau2=1e-05,2,96.396879,1.939775,-5.6746993,1.9381929
x0.01_Q400,0.01,400,1e-8,240,13,eta -0.2..0.2,-0.2,0.2,0,slicing+P2B,rho=0.1,2,80.724393,0.17474469,-21.347185,0.20174118
x0.01_Q400,0.01,400,1e-8,240,13,eta -0.2..0.2,-0.2,0.2,0,slicing+P2B,rho=0.03,2,97.023827,0.30008449,-5.0477506,0.30966552
x0.01_Q400,0.01,400,1e-8,240,13,eta -0.2..0.2,-0.2,0.2,0,slicing+P2B,rho=0.01,2,101.87631,0.46579405,-0.19527219,0.46849572
x0.01_Q400,0.01,400,1e-8,240,13,eta -0.2..0.2,-0.2,0.2,0,slicing+P2B,rho=0.003,2,102.55854,0.72101939,0.48696526,0.7206165
x0.01_Q400,0.01,400,1e-8,240,13,eta -0.2..0.2,-0.2,0.2,0,slicing+P2B,rho=0.001,2,101.86987,1.0437923,-0.20171248,1.0424584
x0.01_Q400,0.01,400,1e-8,240,13,eta -0.2..0.2,-0.2,0.2,0,slicing+P2B,rho=0.0003,2,100.63755,1.5288906,-1.434032,1.5273503
x0.01_Q400,0.01,400,1e-8,240,13,eta -0.2..0.2,-0.2,0.2,0,slicing+P2B,rho=0.0001,2,96.287281,2.1234159,-5.7842971,2.1219974
x0.01_Q400,0.01,400,1e-8,240,13,eta -0.2..0.2,-0.2,0.2,0,pure tau1 slicing,tau1=0.1,1,5.5460039,0.00092569315,-3.2075401,0.0015407935
x0.01_Q400,0.01,400,1e-8,240,13,eta -0.2..0.2,-0.2,0.2,0,pure tau1 slicing,tau1=0.1,2,101.25068,0.10679203,-0.82089761,0.11955884
x0.01_Q400,0.01,400,1e-8,240,13,eta -0.2..0.2,-0.2,0.2,0,pure tau1 slicing,tau1=0.03,1,7.8366908,0.0011703026,-0.91685322,0.0016990424
x0.01_Q400,0.01,400,1e-8,240,13,eta -0.2..0.2,-0.2,0.2,0,pure tau1 slicing,tau1=0.03,2,120.99288,0.12521112,18.921304,0.070765961
x0.01_Q400,0.01,400,1e-8,240,13,eta -0.2..0.2,-0.2,0.2,0,pure tau1 slicing,tau1=0.01,1,8.5134133,0.0012200935,-0.24013068,0.0017337142
x0.01_Q400,0.01,400,1e-8,240,13,eta -0.2..0.2,-0.2,0.2,0,pure tau1 slicing,tau1=0.01,2,114.41421,0.13040221,12.342634,0.051148781
x0.01_Q400,0.01,400,1e-8,240,13,eta -0.2..0.2,-0.2,0.2,0,pure tau1 slicing,tau1=0.003,1,8.7196197,0.001230922,-0.033924332,0.0017413517
x0.01_Q400,0.01,400,1e-8,240,13,eta -0.2..0.2,-0.2,0.2,0,pure tau1 slicing,tau1=0.003,2,105.49008,0.12774747,3.418501,0.028485013
x0.01_Q400,0.01,400,1e-8,240,13,eta -0.2..0.2,-0.2,0.2,0,pure tau1 slicing,tau1=0.001,1,8.7508814,0.0012317183,-0.0026626063,0.0017419147
x0.01_Q400,0.01,400,1e-8,240,13,eta -0.2..0.2,-0.2,0.2,0,pure tau1 slicing,tau1=0.001,2,102.51978,0.12561372,0.4481985,0.0087673026
x0.01_Q400,0.01,400,1e-8,240,13,eta -0.2..0.2,-0.2,0.2,0,pure tau1 slicing,tau1=0.0003,1,8.7535292,0.0012317213,-1.4743592e-05,0.0017419168
x0.01_Q400,0.01,400,1e-8,240,13,eta -0.2..0.2,-0.2,0.2,0,pure tau1 slicing,tau1=0.0003,2,102.0754,0.12532667,0.0038195875,0.00027374001
x0.01_Q400,0.01,400,1e-8,240,13,eta -0.2..0.2,-0.2,0.2,0,pure tau1 slicing,tau1=0.0001,1,8.753544,0.0012317211,0,0.0017419167
x0.01_Q400,0.01,400,1e-8,240,13,eta -0.2..0.2,-0.2,0.2,0,pure tau1 slicing,tau1=0.0001,2,102.07158,0.12532633,0,0
x0.01_Q400,0.01,400,1e-8,240,13,eta -0.2..0.2,-0.2,0.2,0,pure tau1 slicing,tau1=3e-05,1,8.753544,0.0012317211,0,0.0017419167
x0.01_Q400,0.01,400,1e-8,240,13,eta -0.2..0.2,-0.2,0.2,0,pure tau1 slicing,tau1=3e-05,2,102.07158,0.12532633,0,0
x0.01_Q400,0.01,400,1e-8,240,13,eta -0.2..0.2,-0.2,0.2,0,pure tau1 slicing,tau1=1e-05,1,8.753544,0.0012317211,0,0.0017419167
x0.01_Q400,0.01,400,1e-8,240,13,eta -0.2..0.2,-0.2,0.2,0,pure tau1 slicing,tau1=1e-05,2,102.07158,0.12532633,0,0
x0.01_Q400,0.01,400,1e-8,240,14,eta 0.2..1,0.2,1,0,DISENT+P2B,,1,3.7928331,0.00049313638,0,0
x0.01_Q400,0.01,400,1e-8,240,14,eta 0.2..1,0.2,1,0,DISENT+P2B,,2,39.144927,0.050373989,0,0
x0.01_Q400,0.01,400,1e-8,240,14,eta 0.2..1,0.2,1,0,slicing+P2B,tau2=0.01,2,40.431425,0.090854818,1.2864989,0.09808134
x0.01_Q400,0.01,400,1e-8,240,14,eta 0.2..1,0.2,1,0,slicing+P2B,tau2=0.001,2,39.042321,0.24597178,-0.10260586,0.24619708
x0.01_Q400,0.01,400,1e-8,240,14,eta 0.2..1,0.2,1,0,slicing+P2B,tau2=0.0001,2,39.441958,0.54968156,0.2970319,0.54895643
x0.01_Q400,0.01,400,1e-8,240,14,eta 0.2..1,0.2,1,0,slicing+P2B,tau2=1e-05,2,40.523279,1.116702,1.3783529,1.1160976
x0.01_Q400,0.01,400,1e-8,240,14,eta 0.2..1,0.2,1,0,slicing+P2B,rho=0.1,2,37.718741,0.04743308,-1.4261854,0.064640138
x0.01_Q400,0.01,400,1e-8,240,14,eta 0.2..1,0.2,1,0,slicing+P2B,rho=0.03,2,38.595145,0.094079329,-0.54978152,0.10049514
x0.01_Q400,0.01,400,1e-8,240,14,eta 0.2..1,0.2,1,0,slicing+P2B,rho=0.01,2,38.764274,0.15596215,-0.38065205,0.15792561
x0.01_Q400,0.01,400,1e-8,240,14,eta 0.2..1,0.2,1,0,slicing+P2B,rho=0.003,2,38.750016,0.25227952,-0.39491004,0.25226504
x0.01_Q400,0.01,400,1e-8,240,14,eta 0.2..1,0.2,1,0,slicing+P2B,rho=0.001,2,38.943559,0.37512484,-0.20136718,0.37449012
x0.01_Q400,0.01,400,1e-8,240,14,eta 0.2..1,0.2,1,0,slicing+P2B,rho=0.0003,2,39.427886,0.56117554,0.28295949,0.56036916
x0.01_Q400,0.01,400,1e-8,240,14,eta 0.2..1,0.2,1,0,slicing+P2B,rho=0.0001,2,40.215461,0.79326613,1.0705343,0.79251075
x0.01_Q400,0.01,400,1e-8,240,14,eta 0.2..1,0.2,1,0,pure tau1 slicing,tau1=0.1,1,3.7045312,0.00049278103,-0.088301925,0.00069714893
x0.01_Q400,0.01,400,1e-8,240,14,eta 0.2..1,0.2,1,0,pure tau1 slicing,tau1=0.1,2,40.887697,0.050501151,1.7427704,0.0064472604
x0.01_Q400,0.01,400,1e-8,240,14,eta 0.2..1,0.2,1,0,pure tau1 slicing,tau1=0.03,1,3.7864166,0.00049318251,-0.006416483,0.00069743278
x0.01_Q400,0.01,400,1e-8,240,14,eta 0.2..1,0.2,1,0,pure tau1 slicing,tau1=0.03,2,39.543511,0.050407262,0.39858442,0.0020254209
x0.01_Q400,0.01,400,1e-8,240,14,eta 0.2..1,0.2,1,0,pure tau1 slicing,tau1=0.01,1,3.7926962,0.00049313826,-0.00013688539,0.00069740149
x0.01_Q400,0.01,400,1e-8,240,14,eta 0.2..1,0.2,1,0,pure tau1 slicing,tau1=0.01,2,39.162017,0.050374616,0.017090599,0.00024914712
x0.01_Q400,0.01,400,1e-8,240,14,eta 0.2..1,0.2,1,0,pure tau1 slicing,tau1=0.003,1,3.7928331,0.00049313638,0,0.00069740016
x0.01_Q400,0.01,400,1e-8,240,14,eta 0.2..1,0.2,1,0,pure tau1 slicing,tau1=0.003,2,39.144927,0.050373989,0,0
x0.01_Q400,0.01,400,1e-8,240,14,eta 0.2..1,0.2,1,0,pure tau1 slicing,tau1=0.001,1,3.7928331,0.00049313638,0,0.00069740016
x0.01_Q400,0.01,400,1e-8,240,14,eta 0.2..1,0.2,1,0,pure tau1 slicing,tau1=0.001,2,39.144927,0.050373989,0,0
x0.01_Q400,0.01,400,1e-8,240,14,eta 0.2..1,0.2,1,0,pure tau1 slicing,tau1=0.0003,1,3.7928331,0.00049313638,0,0.00069740016
x0.01_Q400,0.01,400,1e-8,240,14,eta 0.2..1,0.2,1,0,pure tau1 slicing,tau1=0.0003,2,39.144927,0.050373989,0,0
x0.01_Q400,0.01,400,1e-8,240,14,eta 0.2..1,0.2,1,0,pure tau1 slicing,tau1=0.0001,1,3.7928331,0.00049313638,0,0.00069740016
x0.01_Q400,0.01,400,1e-8,240,14,eta 0.2..1,0.2,1,0,pure tau1 slicing,tau1=0.0001,2,39.144927,0.050373989,0,0
x0.01_Q400,0.01,400,1e-8,240,14,eta 0.2..1,0.2,1,0,pure tau1 slicing,tau1=3e-05,1,3.7928331,0.00049313638,0,0.00069740016
x0.01_Q400,0.01,400,1e-8,240,14,eta 0.2..1,0.2,1,0,pure tau1 slicing,tau1=3e-05,2,39.144927,0.050373989,0,0
x0.01_Q400,0.01,400,1e-8,240,14,eta 0.2..1,0.2,1,0,pure tau1 slicing,tau1=1e-05,1,3.7928331,0.00049313638,0,0.00069740016
x0.01_Q400,0.01,400,1e-8,240,14,eta 0.2..1,0.2,1,0,pure tau1 slicing,tau1=1e-05,2,39.144927,0.050373989,0,0
x0.01_Q400,0.01,400,1e-8,240,15,eta 1..2.5,1,2.5,0,DISENT+P2B,,1,1.1436906,0.00023408333,0,0
x0.01_Q400,0.01,400,1e-8,240,15,eta 1..2.5,1,2.5,0,DISENT+P2B,,2,22.798615,0.028283468,0,0
x0.01_Q400,0.01,400,1e-8,240,15,eta 1..2.5,1,2.5,0,slicing+P2B,tau2=0.01,2,22.879946,0.050810229,0.081331006,0.053854944
x0.01_Q400,0.01,400,1e-8,240,15,eta 1..2.5,1,2.5,0,slicing+P2B,tau2=0.001,2,22.827688,0.13223754,0.029073173,0.13203393
x0.01_Q400,0.01,400,1e-8,240,15,eta 1..2.5,1,2.5,0,slicing+P2B,tau2=0.0001,2,22.717748,0.29270906,-0.080867274,0.29222544
x0.01_Q400,0.01,400,1e-8,240,15,eta 1..2.5,1,2.5,0,slicing+P2B,tau2=1e-05,2,23.519625,0.59480274,0.72100932,0.59446104
x0.01_Q400,0.01,400,1e-8,240,15,eta 1..2.5,1,2.5,0,slicing+P2B,rho=0.1,2,20.928823,0.043157041,-1.8697928,0.047370924
x0.01_Q400,0.01,400,1e-8,240,15,eta 1..2.5,1,2.5,0,slicing+P2B,rho=0.03,2,22.107031,0.075199657,-0.69158404,0.076298052
x0.01_Q400,0.01,400,1e-8,240,15,eta 1..2.5,1,2.5,0,slicing+P2B,rho=0.01,2,22.440432,0.11724541,-0.35818281,0.11720397
x0.01_Q400,0.01,400,1e-8,240,15,eta 1..2.5,1,2.5,0,slicing+P2B,rho=0.003,2,22.747532,0.18250382,-0.05108357,0.18206318
x0.01_Q400,0.01,400,1e-8,240,15,eta 1..2.5,1,2.5,0,slicing+P2B,rho=0.001,2,22.733186,0.26428639,-0.065429156,0.26380255
x0.01_Q400,0.01,400,1e-8,240,15,eta 1..2.5,1,2.5,0,slicing+P2B,rho=0.0003,2,22.848027,0.38821023,0.049411333,0.3877441
x0.01_Q400,0.01,400,1e-8,240,15,eta 1..2.5,1,2.5,0,slicing+P2B,rho=0.0001,2,23.473052,0.54251992,0.67443689,0.54216674
x0.01_Q400,0.01,400,1e-8,240,15,eta 1..2.5,1,2.5,0,pure tau1 slicing,tau1=0.1,1,0.935721,0.00020516099,-0.20796962,0.00031126522
x0.01_Q400,0.01,400,1e-8,240,15,eta 1..2.5,1,2.5,0,pure tau1 slicing,tau1=0.1,2,28.813247,0.027659385,6.0146313,0.02032732
x0.01_Q400,0.01,400,1e-8,240,15,eta 1..2.5,1,2.5,0,pure tau1 slicing,tau1=0.03,1,1.1436804,0.00023408172,-1.0177292e-05,0.00033104268
x0.01_Q400,0.01,400,1e-8,240,15,eta 1..2.5,1,2.5,0,pure tau1 slicing,tau1=0.03,2,22.790944,0.028291932,-0.0076710726,0.00096337081
x0.01_Q400,0.01,400,1e-8,240,15,eta 1..2.5,1,2.5,0,pure tau1 slicing,tau1=0.01,1,1.1436906,0.00023408333,0,0.00033104382
x0.01_Q400,0.01,400,1e-8,240,15,eta 1..2.5,1,2.5,0,pure tau1 slicing,tau1=0.01,2,22.798615,0.028283468,0,0
x0.01_Q400,0.01,400,1e-8,240,15,eta 1..2.5,1,2.5,0,pure tau1 slicing,tau1=0.003,1,1.1436906,0.00023408333,0,0.00033104382
x0.01_Q400,0.01,400,1e-8,240,15,eta 1..2.5,1,2.5,0,pure tau1 slicing,tau1=0.003,2,22.798615,0.028283468,0,0
x0.01_Q400,0.01,400,1e-8,240,15,eta 1..2.5,1,2.5,0,pure tau1 slicing,tau1=0.001,1,1.1436906,0.00023408333,0,0.00033104382
x0.01_Q400,0.01,400,1e-8,240,15,eta 1..2.5,1,2.5,0,pure tau1 slicing,tau1=0.001,2,22.798615,0.028283468,0,0
x0.01_Q400,0.01,400,1e-8,240,15,eta 1..2.5,1,2.5,0,pure tau1 slicing,tau1=0.0003,1,1.1436906,0.00023408333,0,0.00033104382
x0.01_Q400,0.01,400,1e-8,240,15,eta 1..2.5,1,2.5,0,pure tau1 slicing,tau1=0.0003,2,22.798615,0.028283468,0,0
x0.01_Q400,0.01,400,1e-8,240,15,eta 1..2.5,1,2.5,0,pure tau1 slicing,tau1=0.0001,1,1.1436906,0.00023408333,0,0.00033104382
x0.01_Q400,0.01,400,1e-8,240,15,eta 1..2.5,1,2.5,0,pure tau1 slicing,tau1=0.0001,2,22.798615,0.028283468,0,0
x0.01_Q400,0.01,400,1e-8,240,15,eta 1..2.5,1,2.5,0,pure tau1 slicing,tau1=3e-05,1,1.1436906,0.00023408333,0,0.00033104382
x0.01_Q400,0.01,400,1e-8,240,15,eta 1..2.5,1,2.5,0,pure tau1 slicing,tau1=3e-05,2,22.798615,0.028283468,0,0
x0.01_Q400,0.01,400,1e-8,240,15,eta 1..2.5,1,2.5,0,pure tau1 slicing,tau1=1e-05,1,1.1436906,0.00023408333,0,0.00033104382
x0.01_Q400,0.01,400,1e-8,240,15,eta 1..2.5,1,2.5,0,pure tau1 slicing,tau1=1e-05,2,22.798615,0.028283468,0,0
x0.01_Q400,0.01,400,1e-8,240,16,>=2 jets,,,0,DISENT+P2B,,1,9.1396502,0.00080909607,0,0
x0.01_Q400,0.01,400,1e-8,240,16,>=2 jets,,,0,DISENT+P2B,,2,69.329325,0.10250089,0,0
x0.01_Q400,0.01,400,1e-8,240,16,>=2 jets,,,0,slicing+P2B,tau2=0.01,2,84.931522,0.13044579,15.602198,0.15749234
x0.01_Q400,0.01,400,1e-8,240,16,>=2 jets,,,0,slicing+P2B,tau2=0.001,2,71.704115,0.3657527,2.3747908,0.37020871
x0.01_Q400,0.01,400,1e-8,240,16,>=2 jets,,,0,slicing+P2B,tau2=0.0001,2,70.378436,0.83055568,1.0491113,0.82970298
x0.01_Q400,0.01,400,1e-8,240,16,>=2 jets,,,0,slicing+P2B,tau2=1e-05,2,67.322079,1.6970059,-2.0072459,1.6953281
x0.01_Q400,0.01,400,1e-8,240,16,>=2 jets,,,0,slicing+P2B,rho=0.1,2,79.538444,0.11035312,10.209119,0.14327153
x0.01_Q400,0.01,400,1e-8,240,16,>=2 jets,,,0,slicing+P2B,rho=0.03,2,73.197879,0.20137328,3.8685544,0.21619067
x0.01_Q400,0.01,400,1e-8,240,16,>=2 jets,,,0,slicing+P2B,rho=0.01,2,70.476825,0.32208878,1.1474999,0.32813456
x0.01_Q400,0.01,400,1e-8,240,16,>=2 jets,,,0,slicing+P2B,rho=0.003,2,70.216191,0.50872066,0.88686595,0.51010126
x0.01_Q400,0.01,400,1e-8,240,16,>=2 jets,,,0,slicing+P2B,rho=0.001,2,69.911509,0.74408282,0.58218456,0.74353846
x0.01_Q400,0.01,400,1e-8,240,16,>=2 jets,,,0,slicing+P2B,rho=0.0003,2,70.002742,1.0973524,0.67341765,1.0959544
x0.01_Q400,0.01,400,1e-8,240,16,>=2 jets,,,0,slicing+P2B,rho=0.0001,2,66.877133,1.5338755,-2.452192,1.5322189
x0.01_Q400,0.01,400,1e-8,240,16,>=2 jets,,,0,pure tau1 slicing,tau1=0.1,1,7.3204624,0.00072406461,-1.8191878,0.0010857744
x0.01_Q400,0.01,400,1e-8,240,16,>=2 jets,,,0,pure tau1 slicing,tau1=0.1,2,101.3729,0.095571453,32.043573,0.061231851
x0.01_Q400,0.01,400,1e-8,240,16,>=2 jets,,,0,pure tau1 slicing,tau1=0.03,1,9.0101938,0.00080287131,-0.1294564,0.0011398416
x0.01_Q400,0.01,400,1e-8,240,16,>=2 jets,,,0,pure tau1 slicing,tau1=0.03,2,79.449882,0.10446441,10.120557,0.034267729
x0.01_Q400,0.01,400,1e-8,240,16,>=2 jets,,,0,pure tau1 slicing,tau1=0.01,1,9.1396502,0.00080909607,0,0.0011442346
x0.01_Q400,0.01,400,1e-8,240,16,>=2 jets,,,0,pure tau1 slicing,tau1=0.01,2,69.329325,0.10250089,0,0
x0.01_Q400,0.01,400,1e-8,240,16,>=2 jets,,,0,pure tau1 slicing,tau1=0.003,1,9.1396502,0.00080909607,0,0.0011442346
x0.01_Q400,0.01,400,1e-8,240,16,>=2 jets,,,0,pure tau1 slicing,tau1=0.003,2,69.329325,0.10250089,0,0
x0.01_Q400,0.01,400,1e-8,240,16,>=2 jets,,,0,pure tau1 slicing,tau1=0.001,1,9.1396502,0.00080909607,0,0.0011442346
x0.01_Q400,0.01,400,1e-8,240,16,>=2 jets,,,0,pure tau1 slicing,tau1=0.001,2,69.329325,0.10250089,0,0
x0.01_Q400,0.01,400,1e-8,240,16,>=2 jets,,,0,pure tau1 slicing,tau1=0.0003,1,9.1396502,0.00080909607,0,0.0011442346
x0.01_Q400,0.01,400,1e-8,240,16,>=2 jets,,,0,pure tau1 slicing,tau1=0.0003,2,69.329325,0.10250089,0,0
x0.01_Q400,0.01,400,1e-8,240,16,>=2 jets,,,0,pure tau1 slicing,tau1=0.0001,1,9.1396502,0.00080909607,0,0.0011442346
x0.01_Q400,0.01,400,1e-8,240,16,>=2 jets,,,0,pure tau1 slicing,tau1=0.0001,2,69.329325,0.10250089,0,0
x0.01_Q400,0.01,400,1e-8,240,16,>=2 jets,,,0,pure tau1 slicing,tau1=3e-05,1,9.1396502,0.00080909607,0,0.0011442346
x0.01_Q400,0.01,400,1e-8,240,16,>=2 jets,,,0,pure tau1 slicing,tau1=3e-05,2,69.329325,0.10250089,0,0
x0.01_Q400,0.01,400,1e-8,240,16,>=2 jets,,,0,pure tau1 slicing,tau1=1e-05,1,9.1396502,0.00080909607,0,0.0011442346
x0.01_Q400,0.01,400,1e-8,240,16,>=2 jets,,,0,pure tau1 slicing,tau1=1e-05,2,69.329325,0.10250089,0,0
x0.01_Q400,0.01,400,1e-10,90,1,total,,,1,DISENT+P2B,,1,-2.4950583,0,0,0
x0.01_Q400,0.01,400,1e-10,90,1,total,,,1,DISENT+P2B,,2,-34.272664,0,0,0
x0.01_Q400,0.01,400,1e-10,90,1,total,,,1,slicing+P2B,tau2=0.01,2,-34.272664,0,0,0
x0.01_Q400,0.01,400,1e-10,90,1,total,,,1,slicing+P2B,tau2=0.001,2,-34.272664,0,0,0
x0.01_Q400,0.01,400,1e-10,90,1,total,,,1,slicing+P2B,tau2=0.0001,2,-34.272664,0,0,0
x0.01_Q400,0.01,400,1e-10,90,1,total,,,1,slicing+P2B,tau2=1e-05,2,-34.272664,0,0,0
x0.01_Q400,0.01,400,1e-10,90,1,total,,,1,slicing+P2B,rho=0.1,2,-34.272664,0,0,0
x0.01_Q400,0.01,400,1e-10,90,1,total,,,1,slicing+P2B,rho=0.03,2,-34.272664,0,0,0
x0.01_Q400,0.01,400,1e-10,90,1,total,,,1,slicing+P2B,rho=0.01,2,-34.272664,0,0,0
x0.01_Q400,0.01,400,1e-10,90,1,total,,,1,slicing+P2B,rho=0.003,2,-34.272664,0,0,0
x0.01_Q400,0.01,400,1e-10,90,1,total,,,1,slicing+P2B,rho=0.001,2,-34.272664,0,0,0
x0.01_Q400,0.01,400,1e-10,90,1,total,,,1,slicing+P2B,rho=0.0003,2,-34.272664,0,0,0
x0.01_Q400,0.01,400,1e-10,90,1,total,,,1,slicing+P2B,rho=0.0001,2,-34.272664,0,0,0
x0.01_Q400,0.01,400,1e-10,90,1,total,,,1,pure tau1 slicing,tau1=0.1,1,-3.6455272,0.0020507857,-1.1504689,0.0020507857
x0.01_Q400,0.01,400,1e-10,90,1,total,,,1,pure tau1 slicing,tau1=0.1,2,-8.5274397,0.24206513,25.745224,0.24206513
x0.01_Q400,0.01,400,1e-10,90,1,total,,,1,pure tau1 slicing,tau1=0.03,1,-2.8940255,0.004983461,-0.39896723,0.004983461
x0.01_Q400,0.01,400,1e-10,90,1,total,,,1,pure tau1 slicing,tau1=0.03,2,-2.3454137,0.76929187,31.92725,0.76929187
x0.01_Q400,0.01,400,1e-10,90,1,total,,,1,pure tau1 slicing,tau1=0.01,1,-2.6489364,0.010685336,-0.15387806,0.010685336
x0.01_Q400,0.01,400,1e-10,90,1,total,,,1,pure tau1 slicing,tau1=0.01,2,-11.635309,2.1999799,22.637355,2.1999799
x0.01_Q400,0.01,400,1e-10,90,1,total,,,1,pure tau1 slicing,tau1=0.003,1,-2.5476664,0.022841775,-0.052608067,0.022841775
x0.01_Q400,0.01,400,1e-10,90,1,total,,,1,pure tau1 slicing,tau1=0.003,2,-19.753388,5.8953018,14.519276,5.8953018
x0.01_Q400,0.01,400,1e-10,90,1,total,,,1,pure tau1 slicing,tau1=0.001,1,-2.5065288,0.043291279,-0.011470534,0.043291279
x0.01_Q400,0.01,400,1e-10,90,1,total,,,1,pure tau1 slicing,tau1=0.001,2,-19.571714,13.859589,14.70095,13.859589
x0.01_Q400,0.01,400,1e-10,90,1,total,,,1,pure tau1 slicing,tau1=0.0003,1,-2.5000755,0.084012787,-0.0050172251,0.084012787
x0.01_Q400,0.01,400,1e-10,90,1,total,,,1,pure tau1 slicing,tau1=0.0003,2,13.791563,37.295483,48.064227,37.295483
x0.01_Q400,0.01,400,1e-10,90,1,total,,,1,pure tau1 slicing,tau1=0.0001,1,-2.2018784,0.15088975,0.29317992,0.15088975
x0.01_Q400,0.01,400,1e-10,90,1,total,,,1,pure tau1 slicing,tau1=0.0001,2,-64.843402,80.970452,-30.570738,80.970452
x0.01_Q400,0.01,400,1e-10,90,1,total,,,1,pure tau1 slicing,tau1=3e-05,1,-2.3577661,0.27921691,0.13729222,0.27921691
x0.01_Q400,0.01,400,1e-10,90,1,total,,,1,pure tau1 slicing,tau1=3e-05,2,68.431622,246.76293,102.70429,246.76293
x0.01_Q400,0.01,400,1e-10,90,1,total,,,1,pure tau1 slicing,tau1=1e-05,1,-1.8562717,0.49325597,0.63878657,0.49325597
x0.01_Q400,0.01,400,1e-10,90,1,total,,,1,pure tau1 slicing,tau1=1e-05,2,-434.3936,428.49407,-400.12094,428.49407
x0.01_Q400,0.01,400,1e-10,90,2,>=1 jet,,,1,DISENT+P2B,,1,-2.5306959,5.1366237e-05,0,0
x0.01_Q400,0.01,400,1e-10,90,2,>=1 jet,,,1,DISENT+P2B,,2,-34.762623,0.0087824631,0,0
x0.01_Q400,0.01,400,1e-10,90,2,>=1 jet,,,1,slicing+P2B,tau2=0.01,2,-34.691163,0.012571804,0.071459792,0.013491669
x0.01_Q400,0.01,400,1e-10,90,2,>=1 jet,,,1,slicing+P2B,tau2=0.001,2,-34.831988,0.030668206,-0.069365584,0.030485359
x0.01_Q400,0.01,400,1e-10,90,2,>=1 jet,,,1,slicing+P2B,tau2=0.0001,2,-34.708793,0.065473341,0.053829074,0.065207623
x0.01_Q400,0.01,400,1e-10,90,2,>=1 jet,,,1,slicing+P2B,tau2=1e-05,2,-34.868529,0.13397793,-0.10590691,0.13378667
x0.01_Q400,0.01,400,1e-10,90,2,>=1 jet,,,1,slicing+P2B,rho=0.1,2,-34.689246,0.020718755,0.07337617,0.02088236
x0.01_Q400,0.01,400,1e-10,90,2,>=1 jet,,,1,slicing+P2B,rho=0.03,2,-34.778477,0.032501284,-0.015854023,0.032302904
x0.01_Q400,0.01,400,1e-10,90,2,>=1 jet,,,1,slicing+P2B,rho=0.01,2,-34.71634,0.046455871,0.046282891,0.04616767
x0.01_Q400,0.01,400,1e-10,90,2,>=1 jet,,,1,slicing+P2B,rho=0.003,2,-34.703023,0.069171935,0.059599788,0.06890259
x0.01_Q400,0.01,400,1e-10,90,2,>=1 jet,,,1,slicing+P2B,rho=0.001,2,-34.755996,0.098457894,0.0066267972,0.098224321
x0.01_Q400,0.01,400,1e-10,90,2,>=1 jet,,,1,slicing+P2B,rho=0.0003,2,-34.872721,0.1395514,-0.11009898,0.13936891
x0.01_Q400,0.01,400,1e-10,90,2,>=1 jet,,,1,slicing+P2B,rho=0.0001,2,-34.768801,0.1876638,-0.0061783087,0.18752939
x0.01_Q400,0.01,400,1e-10,90,2,>=1 jet,,,1,pure tau1 slicing,tau1=0.1,1,-3.6455272,0.0020507857,-1.1148313,0.0020514288
x0.01_Q400,0.01,400,1e-10,90,2,>=1 jet,,,1,pure tau1 slicing,tau1=0.1,2,-8.8962387,0.24206345,25.866384,0.24220557
x0.01_Q400,0.01,400,1e-10,90,2,>=1 jet,,,1,pure tau1 slicing,tau1=0.03,1,-2.911885,0.0049839737,-0.3811891,0.0049842384
x0.01_Q400,0.01,400,1e-10,90,2,>=1 jet,,,1,pure tau1 slicing,tau1=0.03,2,-3.7963746,0.76927443,30.966248,0.76926597
x0.01_Q400,0.01,400,1e-10,90,2,>=1 jet,,,1,pure tau1 slicing,tau1=0.01,1,-2.683352,0.010686195,-0.15265609,0.010686318
x0.01_Q400,0.01,400,1e-10,90,2,>=1 jet,,,1,pure tau1 slicing,tau1=0.01,2,-12.252133,2.1999977,22.510489,2.1999788
x0.01_Q400,0.01,400,1e-10,90,2,>=1 jet,,,1,pure tau1 slicing,tau1=0.003,1,-2.5833001,0.022842469,-0.052604194,0.022842527
x0.01_Q400,0.01,400,1e-10,90,2,>=1 jet,,,1,pure tau1 slicing,tau1=0.003,2,-20.244122,5.8953089,14.5185,5.8953018
x0.01_Q400,0.01,400,1e-10,90,2,>=1 jet,,,1,pure tau1 slicing,tau1=0.001,1,-2.5421664,0.04329181,-0.011470534,0.043291841
x0.01_Q400,0.01,400,1e-10,90,2,>=1 jet,,,1,pure tau1 slicing,tau1=0.001,2,-20.061672,13.859591,14.70095,13.859589
x0.01_Q400,0.01,400,1e-10,90,2,>=1 jet,,,1,pure tau1 slicing,tau1=0.0003,1,-2.5357131,0.084013171,-0.0050172251,0.084013186
x0.01_Q400,0.01,400,1e-10,90,2,>=1 jet,,,1,pure tau1 slicing,tau1=0.0003,2,13.301604,37.295484,48.064227,37.295483
x0.01_Q400,0.01,400,1e-10,90,2,>=1 jet,,,1,pure tau1 slicing,tau1=0.0001,1,-2.237516,0.15089003,0.29317992,0.15089004
x0.01_Q400,0.01,400,1e-10,90,2,>=1 jet,,,1,pure tau1 slicing,tau1=0.0001,2,-65.33336,80.970452,-30.570738,80.970452
x0.01_Q400,0.01,400,1e-10,90,2,>=1 jet,,,1,pure tau1 slicing,tau1=3e-05,1,-2.3934037,0.2792171,0.13729222,0.27921711
x0.01_Q400,0.01,400,1e-10,90,2,>=1 jet,,,1,pure tau1 slicing,tau1=3e-05,2,67.941663,246.76293,102.70429,246.76293
x0.01_Q400,0.01,400,1e-10,90,2,>=1 jet,,,1,pure tau1 slicing,tau1=1e-05,1,-1.8919093,0.4932561,0.63878657,0.4932561
x0.01_Q400,0.01,400,1e-10,90,2,>=1 jet,,,1,pure tau1 slicing,tau1=1e-05,2,-434.88356,428.49407,-400.12094,428.49407
x0.01_Q400,0.01,400,1e-10,90,3,pt 5-10,5,10,0,DISENT+P2B,,1,1.5215514,0.00068110536,0,0
x0.01_Q400,0.01,400,1e-10,90,3,pt 5-10,5,10,0,DISENT+P2B,,2,19.845576,0.092458643,0,0
x0.01_Q400,0.01,400,1e-10,90,3,pt 5-10,5,10,0,slicing+P2B,tau2=0.01,2,19.72538,0.092024729,-0.12019588,0.11628848
x0.01_Q400,0.01,400,1e-10,90,3,pt 5-10,5,10,0,slicing+P2B,tau2=0.001,2,19.764852,0.25708525,-0.080724197,0.25804677
x0.01_Q400,0.01,400,1e-10,90,3,pt 5-10,5,10,0,slicing+P2B,tau2=0.0001,2,19.63059,0.58304853,-0.21498664,0.58042176
x0.01_Q400,0.01,400,1e-10,90,3,pt 5-10,5,10,0,slicing+P2B,tau2=1e-05,2,19.695528,1.1988816,-0.15004794,1.196616
x0.01_Q400,0.01,400,1e-10,90,3,pt 5-10,5,10,0,slicing+P2B,rho=0.1,2,18.898857,0.08858012,-0.94671942,0.11675473
x0.01_Q400,0.01,400,1e-10,90,3,pt 5-10,5,10,0,slicing+P2B,rho=0.03,2,19.233516,0.15733732,-0.61206023,0.16815792
x0.01_Q400,0.01,400,1e-10,90,3,pt 5-10,5,10,0,slicing+P2B,rho=0.01,2,19.660174,0.24843204,-0.18540259,0.25110626
x0.01_Q400,0.01,400,1e-10,90,3,pt 5-10,5,10,0,slicing+P2B,rho=0.003,2,19.861685,0.38850988,0.016109175,0.38747327
x0.01_Q400,0.01,400,1e-10,90,3,pt 5-10,5,10,0,slicing+P2B,rho=0.001,2,19.673281,0.56358645,-0.17229534,0.5614573
x0.01_Q400,0.01,400,1e-10,90,3,pt 5-10,5,10,0,slicing+P2B,rho=0.0003,2,19.157837,0.82795305,-0.68773916,0.82559756
x0.01_Q400,0.01,400,1e-10,90,3,pt 5-10,5,10,0,slicing+P2B,rho=0.0001,2,19.381895,1.15765,-0.4636809,1.1555951
x0.01_Q400,0.01,400,1e-10,90,3,pt 5-10,5,10,0,pure tau1 slicing,tau1=0.1,1,1.1627822,0.00060516241,-0.35876919,0.00091111253
x0.01_Q400,0.01,400,1e-10,90,3,pt 5-10,5,10,0,pure tau1 slicing,tau1=0.1,2,22.534381,0.088624715,2.6888051,0.04498917
x0.01_Q400,0.01,400,1e-10,90,3,pt 5-10,5,10,0,pure tau1 slicing,tau1=0.03,1,1.466874,0.00067410716,-0.054677449,0.00095829274
x0.01_Q400,0.01,400,1e-10,90,3,pt 5-10,5,10,0,pure tau1 slicing,tau1=0.03,2,21.953485,0.094390228,2.1079091,0.027823067
x0.01_Q400,0.01,400,1e-10,90,3,pt 5-10,5,10,0,pure tau1 slicing,tau1=0.01,1,1.5153496,0.00068081863,-0.0062017948,0.00096302571
x0.01_Q400,0.01,400,1e-10,90,3,pt 5-10,5,10,0,pure tau1 slicing,tau1=0.01,2,20.34768,0.092728057,0.50210376,0.0080778842
x0.01_Q400,0.01,400,1e-10,90,3,pt 5-10,5,10,0,pure tau1 slicing,tau1=0.003,1,1.5213836,0.00068110527,-0.00016778974,0.00096322837
x0.01_Q400,0.01,400,1e-10,90,3,pt 5-10,5,10,0,pure tau1 slicing,tau1=0.003,2,19.872902,0.092466411,0.027326074,0.0011907827
x0.01_Q400,0.01,400,1e-10,90,3,pt 5-10,5,10,0,pure tau1 slicing,tau1=0.001,1,1.5215514,0.00068110536,-7.0993085e-09,0.00096322844
x0.01_Q400,0.01,400,1e-10,90,3,pt 5-10,5,10,0,pure tau1 slicing,tau1=0.001,2,19.845578,0.092458643,1.5904534e-06,4.9715637e-07
x0.01_Q400,0.01,400,1e-10,90,3,pt 5-10,5,10,0,pure tau1 slicing,tau1=0.0003,1,1.5215514,0.00068110536,0,0.00096322844
x0.01_Q400,0.01,400,1e-10,90,3,pt 5-10,5,10,0,pure tau1 slicing,tau1=0.0003,2,19.845576,0.092458643,0,0
x0.01_Q400,0.01,400,1e-10,90,3,pt 5-10,5,10,0,pure tau1 slicing,tau1=0.0001,1,1.5215514,0.00068110536,0,0.00096322844
x0.01_Q400,0.01,400,1e-10,90,3,pt 5-10,5,10,0,pure tau1 slicing,tau1=0.0001,2,19.845576,0.092458643,0,0
x0.01_Q400,0.01,400,1e-10,90,3,pt 5-10,5,10,0,pure tau1 slicing,tau1=3e-05,1,1.5215514,0.00068110536,0,0.00096322844
x0.01_Q400,0.01,400,1e-10,90,3,pt 5-10,5,10,0,pure tau1 slicing,tau1=3e-05,2,19.845576,0.092458643,0,0
x0.01_Q400,0.01,400,1e-10,90,3,pt 5-10,5,10,0,pure tau1 slicing,tau1=1e-05,1,1.5215514,0.00068110536,0,0.00096322844
x0.01_Q400,0.01,400,1e-10,90,3,pt 5-10,5,10,0,pure tau1 slicing,tau1=1e-05,2,19.845576,0.092458643,0,0
x0.01_Q400,0.01,400,1e-10,90,4,pt 10-14,10,14,0,DISENT+P2B,,1,9.0595617,0.0023185172,0,0
x0.01_Q400,0.01,400,1e-10,90,4,pt 10-14,10,14,0,DISENT+P2B,,2,36.121571,0.30820495,0,0
x0.01_Q400,0.01,400,1e-10,90,4,pt 10-14,10,14,0,slicing+P2B,tau2=0.01,2,28.871612,0.20654761,-7.2499595,0.35411576
x0.01_Q400,0.01,400,1e-10,90,4,pt 10-14,10,14,0,slicing+P2B,tau2=0.001,2,41.696569,0.66021751,5.5749975,0.68833423
x0.01_Q400,0.01,400,1e-10,90,4,pt 10-14,10,14,0,slicing+P2B,tau2=0.0001,2,38.295281,1.5434919,2.1737096,1.5418402
x0.01_Q400,0.01,400,1e-10,90,4,pt 10-14,10,14,0,slicing+P2B,tau2=1e-05,2,36.439527,3.2186945,0.31795574,3.2124993
x0.01_Q400,0.01,400,1e-10,90,4,pt 10-14,10,14,0,slicing+P2B,rho=0.1,2,34.261115,0.40556514,-1.8604564,0.48498624
x0.01_Q400,0.01,400,1e-10,90,4,pt 10-14,10,14,0,slicing+P2B,rho=0.03,2,42.421988,0.66894069,6.300417,0.70349919
x0.01_Q400,0.01,400,1e-10,90,4,pt 10-14,10,14,0,slicing+P2B,rho=0.01,2,42.34122,1.0126672,6.2196484,1.0257547
x0.01_Q400,0.01,400,1e-10,90,4,pt 10-14,10,14,0,slicing+P2B,rho=0.003,2,41.250295,1.536149,5.1287235,1.537939
x0.01_Q400,0.01,400,1e-10,90,4,pt 10-14,10,14,0,slicing+P2B,rho=0.001,2,39.32898,2.1923851,3.2074083,2.1898521
x0.01_Q400,0.01,400,1e-10,90,4,pt 10-14,10,14,0,slicing+P2B,rho=0.0003,2,39.761559,3.1840221,3.6399878,3.1798396
x0.01_Q400,0.01,400,1e-10,90,4,pt 10-14,10,14,0,slicing+P2B,rho=0.0001,2,39.266363,4.3902373,3.144792,4.3854726
x0.01_Q400,0.01,400,1e-10,90,4,pt 10-14,10,14,0,pure tau1 slicing,tau1=0.1,1,4.4134759,0.0012264337,-4.6460858,0.0026229109
x0.01_Q400,0.01,400,1e-10,90,4,pt 10-14,10,14,0,pure tau1 slicing,tau1=0.1,2,58.119862,0.1925193,21.998291,0.27191636
x0.01_Q400,0.01,400,1e-10,90,4,pt 10-14,10,14,0,pure tau1 slicing,tau1=0.03,1,7.2432965,0.0019748323,-1.8162652,0.0030455681
x0.01_Q400,0.01,400,1e-10,90,4,pt 10-14,10,14,0,pure tau1 slicing,tau1=0.03,2,77.654718,0.30158556,41.533146,0.17580977
x0.01_Q400,0.01,400,1e-10,90,4,pt 10-14,10,14,0,pure tau1 slicing,tau1=0.01,1,8.4757856,0.0022299745,-0.5837761,0.0032168787
x0.01_Q400,0.01,400,1e-10,90,4,pt 10-14,10,14,0,pure tau1 slicing,tau1=0.01,2,65.371735,0.32329153,29.250164,0.15641821
x0.01_Q400,0.01,400,1e-10,90,4,pt 10-14,10,14,0,pure tau1 slicing,tau1=0.003,1,8.9446295,0.0023062604,-0.11493226,0.0032702231
x0.01_Q400,0.01,400,1e-10,90,4,pt 10-14,10,14,0,pure tau1 slicing,tau1=0.003,2,46.919438,0.32188432,10.797866,0.11126735
x0.01_Q400,0.01,400,1e-10,90,4,pt 10-14,10,14,0,pure tau1 slicing,tau1=0.001,1,9.044865,0.0023178591,-0.014696743,0.0032784132
x0.01_Q400,0.01,400,1e-10,90,4,pt 10-14,10,14,0,pure tau1 slicing,tau1=0.001,2,38.337891,0.31515884,2.2163198,0.068208958
x0.01_Q400,0.01,400,1e-10,90,4,pt 10-14,10,14,0,pure tau1 slicing,tau1=0.0003,1,9.059024,0.0023185184,-0.00053771093,0.0032788793
x0.01_Q400,0.01,400,1e-10,90,4,pt 10-14,10,14,0,pure tau1 slicing,tau1=0.0003,2,36.251035,0.3082959,0.12946337,0.0073940014
x0.01_Q400,0.01,400,1e-10,90,4,pt 10-14,10,14,0,pure tau1 slicing,tau1=0.0001,1,9.0595612,0.0023185173,-4.9520743e-07,0.0032788785
x0.01_Q400,0.01,400,1e-10,90,4,pt 10-14,10,14,0,pure tau1 slicing,tau1=0.0001,2,36.121809,0.30820498,0.00023742909,0.00012818489
x0.01_Q400,0.01,400,1e-10,90,4,pt 10-14,10,14,0,pure tau1 slicing,tau1=3e-05,1,9.0595617,0.0023185172,0,0.0032788785
x0.01_Q400,0.01,400,1e-10,90,4,pt 10-14,10,14,0,pure tau1 slicing,tau1=3e-05,2,36.121571,0.30820495,0,0
x0.01_Q400,0.01,400,1e-10,90,4,pt 10-14,10,14,0,pure tau1 slicing,tau1=1e-05,1,9.0595617,0.0023185172,0,0.0032788785
x0.01_Q400,0.01,400,1e-10,90,4,pt 10-14,10,14,0,pure tau1 slicing,tau1=1e-05,2,36.121571,0.30820495,0,0
x0.01_Q400,0.01,400,1e-10,90,5,pt 14-15,14,15,0,DISENT+P2B,,1,9.4941387,0.0048070715,0,0
x0.01_Q400,0.01,400,1e-10,90,5,pt 14-15,14,15,0,DISENT+P2B,,2,-8.5102614,0.82628655,0,0
x0.01_Q400,0.01,400,1e-10,90,5,pt 14-15,14,15,0,slicing+P2B,tau2=0.01,2,-58.175483,0.17745082,-49.665221,0.83183295
x0.01_Q400,0.01,400,1e-10,90,5,pt 14-15,14,15,0,slicing+P2B,tau2=0.001,2,-44.868984,0.78325375,-36.358723,1.0613502
x0.01_Q400,0.01,400,1e-10,90,5,pt 14-15,14,15,0,slicing+P2B,tau2=0.0001,2,-3.8546175,2.0361231,4.655644,2.084219
x0.01_Q400,0.01,400,1e-10,90,5,pt 14-15,14,15,0,slicing+P2B,tau2=1e-05,2,-5.3363582,4.3424846,3.1739032,4.3366089
x0.01_Q400,0.01,400,1e-10,90,5,pt 14-15,14,15,0,slicing+P2B,rho=0.1,2,-76.77748,1.1676833,-68.267219,1.3791401
x0.01_Q400,0.01,400,1e-10,90,5,pt 14-15,14,15,0,slicing+P2B,rho=0.03,2,-26.860896,1.7954237,-18.350635,1.9007165
x0.01_Q400,0.01,400,1e-10,90,5,pt 14-15,14,15,0,slicing+P2B,rho=0.01,2,-12.803867,2.5811133,-4.2936061,2.6294547
x0.01_Q400,0.01,400,1e-10,90,5,pt 14-15,14,15,0,slicing+P2B,rho=0.003,2,-4.1031226,3.7783367,4.4071389,3.791897
x0.01_Q400,0.01,400,1e-10,90,5,pt 14-15,14,15,0,slicing+P2B,rho=0.001,2,-3.0587715,5.2651142,5.45149,5.2647461
x0.01_Q400,0.01,400,1e-10,90,5,pt 14-15,14,15,0,slicing+P2B,rho=0.0003,2,-10.383896,7.3424213,-1.8736343,7.3340444
x0.01_Q400,0.01,400,1e-10,90,5,pt 14-15,14,15,0,slicing+P2B,rho=0.0001,2,-18.349883,9.9846104,-9.8396212,9.9737938
x0.01_Q400,0.01,400,1e-10,90,5,pt 14-15,14,15,0,pure tau1 slicing,tau1=0.1,1,1.3756286,0.00079902063,-8.1185101,0.0048730247
x0.01_Q400,0.01,400,1e-10,90,5,pt 14-15,14,15,0,pure tau1 slicing,tau1=0.1,2,40.812214,0.15881788,49.322476,0.82223343
x0.01_Q400,0.01,400,1e-10,90,5,pt 14-15,14,15,0,pure tau1 slicing,tau1=0.03,1,3.5219359,0.0020897907,-5.9722028,0.0052416754
x0.01_Q400,0.01,400,1e-10,90,5,pt 14-15,14,15,0,pure tau1 slicing,tau1=0.03,2,109.99685,0.50643434,118.50711,0.69384529
x0.01_Q400,0.01,400,1e-10,90,5,pt 14-15,14,15,0,pure tau1 slicing,tau1=0.01,1,6.2985151,0.0037360512,-3.1956236,0.0060881865
x0.01_Q400,0.01,400,1e-10,90,5,pt 14-15,14,15,0,pure tau1 slicing,tau1=0.01,2,120.56127,0.79678814,129.07153,0.48815896
x0.01_Q400,0.01,400,1e-10,90,5,pt 14-15,14,15,0,pure tau1 slicing,tau1=0.003,1,8.23188,0.004477253,-1.2622587,0.0065691499
x0.01_Q400,0.01,400,1e-10,90,5,pt 14-15,14,15,0,pure tau1 slicing,tau1=0.003,2,85.538974,0.90092054,94.049236,0.49563881
x0.01_Q400,0.01,400,1e-10,90,5,pt 14-15,14,15,0,pure tau1 slicing,tau1=0.001,1,9.0794093,0.0047182672,-0.41472942,0.0067357243
x0.01_Q400,0.01,400,1e-10,90,5,pt 14-15,14,15,0,pure tau1 slicing,tau1=0.001,2,39.483559,0.90875234,47.99382,0.42883362
x0.01_Q400,0.01,400,1e-10,90,5,pt 14-15,14,15,0,pure tau1 slicing,tau1=0.0003,1,9.4173298,0.0047961111,-0.076808917,0.0067904799
x0.01_Q400,0.01,400,1e-10,90,5,pt 14-15,14,15,0,pure tau1 slicing,tau1=0.0003,2,4.7948791,0.86895292,13.305141,0.28142619
x0.01_Q400,0.01,400,1e-10,90,5,pt 14-15,14,15,0,pure tau1 slicing,tau1=0.0001,1,9.4852456,0.00480651,-0.0088930323,0.0067978287
x0.01_Q400,0.01,400,1e-10,90,5,pt 14-15,14,15,0,pure tau1 slicing,tau1=0.0001,2,-6.2346341,0.84058551,2.2756273,0.1558332
x0.01_Q400,0.01,400,1e-10,90,5,pt 14-15,14,15,0,pure tau1 slicing,tau1=3e-05,1,9.4939277,0.00480707,-0.00021097142,0.0067982247
x0.01_Q400,0.01,400,1e-10,90,5,pt 14-15,14,15,0,pure tau1 slicing,tau1=3e-05,2,-8.4069684,0.82704522,0.10329299,0.035340812
x0.01_Q400,0.01,400,1e-10,90,5,pt 14-15,14,15,0,pure tau1 slicing,tau1=1e-05,1,9.4941387,0.0048070715,-1.0981914e-08,0.0067982257
x0.01_Q400,0.01,400,1e-10,90,5,pt 14-15,14,15,0,pure tau1 slicing,tau1=1e-05,2,-8.510261,0.82628655,4.6272696e-07,9.8638666e-07
x0.01_Q400,0.01,400,1e-10,90,6,pt 15-16,15,16,1,DISENT+P2B,,1,-38.023233,0.006657399,0,0
x0.01_Q400,0.01,400,1e-10,90,6,pt 15-16,15,16,1,DISENT+P2B,,2,-126.37143,0.95729118,0,0
x0.01_Q400,0.01,400,1e-10,90,6,pt 15-16,15,16,1,slicing+P2B,tau2=0.01,2,-4.4304799,0.3752018,121.94095,1.0195047
x0.01_Q400,0.01,400,1e-10,90,6,pt 15-16,15,16,1,slicing+P2B,tau2=0.001,2,-39.489192,1.4054686,86.882237,1.642751
x0.01_Q400,0.01,400,1e-10,90,6,pt 15-16,15,16,1,slicing+P2B,tau2=0.0001,2,-126.09676,3.551459,0.27466452,3.5893169
x0.01_Q400,0.01,400,1e-10,90,6,pt 15-16,15,16,1,slicing+P2B,tau2=1e-05,2,-123.14858,7.5476073,3.2228447,7.5385004
x0.01_Q400,0.01,400,1e-10,90,6,pt 15-16,15,16,1,slicing+P2B,rho=0.1,2,36.884898,1.9296329,163.25633,2.102892
x0.01_Q400,0.01,400,1e-10,90,6,pt 15-16,15,16,1,slicing+P2B,rho=0.03,2,-81.927386,2.9675351,44.444043,3.0476339
x0.01_Q400,0.01,400,1e-10,90,6,pt 15-16,15,16,1,slicing+P2B,rho=0.01,2,-116.89111,4.2217556,9.4803189,4.2556457
x0.01_Q400,0.01,400,1e-10,90,6,pt 15-16,15,16,1,slicing+P2B,rho=0.003,2,-129.71049,6.1722729,-3.3390581,6.1779495
x0.01_Q400,0.01,400,1e-10,90,6,pt 15-16,15,16,1,slicing+P2B,rho=0.001,2,-131.6661,8.6102429,-5.2946691,8.6046164
x0.01_Q400,0.01,400,1e-10,90,6,pt 15-16,15,16,1,slicing+P2B,rho=0.0003,2,-124.20628,11.930838,2.165148,11.919261
x0.01_Q400,0.01,400,1e-10,90,6,pt 15-16,15,16,1,slicing+P2B,rho=0.0001,2,-114.91382,16.708222,11.457607,16.694893
x0.01_Q400,0.01,400,1e-10,90,6,pt 15-16,15,16,1,pure tau1 slicing,tau1=0.1,1,-15.430757,0.0011321433,22.592476,0.0067529778
x0.01_Q400,0.01,400,1e-10,90,6,pt 15-16,15,16,1,pure tau1 slicing,tau1=0.1,2,-236.74957,0.24576896,-110.37815,0.95642242
x0.01_Q400,0.01,400,1e-10,90,6,pt 15-16,15,16,1,pure tau1 slicing,tau1=0.03,1,-23.463991,0.0039953894,14.559243,0.0077642835
x0.01_Q400,0.01,400,1e-10,90,6,pt 15-16,15,16,1,pure tau1 slicing,tau1=0.03,2,-404.53415,0.87800496,-278.16272,1.0756419
x0.01_Q400,0.01,400,1e-10,90,6,pt 15-16,15,16,1,pure tau1 slicing,tau1=0.01,1,-30.226528,0.0098239806,7.7967047,0.011867247
x0.01_Q400,0.01,400,1e-10,90,6,pt 15-16,15,16,1,pure tau1 slicing,tau1=0.01,2,-436.47511,2.2853199,-310.10368,2.2204256
x0.01_Q400,0.01,400,1e-10,90,6,pt 15-16,15,16,1,pure tau1 slicing,tau1=0.003,1,-34.870872,0.022453174,3.1523613,0.02341935
x0.01_Q400,0.01,400,1e-10,90,6,pt 15-16,15,16,1,pure tau1 slicing,tau1=0.003,2,-351.95507,5.9186372,-225.58364,5.8725647
x0.01_Q400,0.01,400,1e-10,90,6,pt 15-16,15,16,1,pure tau1 slicing,tau1=0.001,1,-36.94069,0.043194679,1.0825436,0.043704705
x0.01_Q400,0.01,400,1e-10,90,6,pt 15-16,15,16,1,pure tau1 slicing,tau1=0.001,2,-236.71176,13.870836,-110.34033,13.845939
x0.01_Q400,0.01,400,1e-10,90,6,pt 15-16,15,16,1,pure tau1 slicing,tau1=0.0003,1,-37.800735,0.084064105,0.22249853,0.084327307
x0.01_Q400,0.01,400,1e-10,90,6,pt 15-16,15,16,1,pure tau1 slicing,tau1=0.0003,2,-116.06727,37.303194,10.304162,37.292416
x0.01_Q400,0.01,400,1e-10,90,6,pt 15-16,15,16,1,pure tau1 slicing,tau1=0.0001,1,-37.698534,0.15098288,0.32469933,0.15112958
x0.01_Q400,0.01,400,1e-10,90,6,pt 15-16,15,16,1,pure tau1 slicing,tau1=0.0001,2,-164.68468,80.975533,-38.313253,80.970188
x0.01_Q400,0.01,400,1e-10,90,6,pt 15-16,15,16,1,pure tau1 slicing,tau1=3e-05,1,-37.884645,0.27931064,0.13858776,0.27938997
x0.01_Q400,0.01,400,1e-10,90,6,pt 15-16,15,16,1,pure tau1 slicing,tau1=3e-05,2,-24.098504,246.7647,102.27293,246.76292
x0.01_Q400,0.01,400,1e-10,90,6,pt 15-16,15,16,1,pure tau1 slicing,tau1=1e-05,1,-37.384443,0.49333438,0.63878992,0.4933793
x0.01_Q400,0.01,400,1e-10,90,6,pt 15-16,15,16,1,pure tau1 slicing,tau1=1e-05,2,-526.49371,428.49508,-400.12228,428.49407
x0.01_Q400,0.01,400,1e-10,90,7,pt 16-17,16,17,0,DISENT+P2B,,1,8.2620345,0.0042388126,0,0
x0.01_Q400,0.01,400,1e-10,90,7,pt 16-17,16,17,0,DISENT+P2B,,2,-16.305959,0.50772289,0,0
x0.01_Q400,0.01,400,1e-10,90,7,pt 16-17,16,17,0,slicing+P2B,tau2=0.01,2,-56.930556,0.1755365,-40.624598,0.52930807
x0.01_Q400,0.01,400,1e-10,90,7,pt 16-17,16,17,0,slicing+P2B,tau2=0.001,2,-69.803784,0.76621777,-53.497825,0.88332834
x0.01_Q400,0.01,400,1e-10,90,7,pt 16-17,16,17,0,slicing+P2B,tau2=0.0001,2,-22.566817,2.0208385,-6.2608587,2.03526
x0.01_Q400,0.01,400,1e-10,90,7,pt 16-17,16,17,0,slicing+P2B,tau2=1e-05,2,-18.843537,4.3241165,-2.5375782,4.3152556
x0.01_Q400,0.01,400,1e-10,90,7,pt 16-17,16,17,0,slicing+P2B,rho=0.1,2,-89.657771,1.4389883,-73.351813,1.4906785
x0.01_Q400,0.01,400,1e-10,90,7,pt 16-17,16,17,0,slicing+P2B,rho=0.03,2,-42.424217,2.1915131,-26.118259,2.2079868
x0.01_Q400,0.01,400,1e-10,90,7,pt 16-17,16,17,0,slicing+P2B,rho=0.01,2,-25.21975,3.0593813,-8.9137912,3.0613358
x0.01_Q400,0.01,400,1e-10,90,7,pt 16-17,16,17,0,slicing+P2B,rho=0.003,2,-18.776149,4.4301452,-2.4701907,4.4243521
x0.01_Q400,0.01,400,1e-10,90,7,pt 16-17,16,17,0,slicing+P2B,rho=0.001,2,-15.0203,6.1389931,1.2856586,6.13056
x0.01_Q400,0.01,400,1e-10,90,7,pt 16-17,16,17,0,slicing+P2B,rho=0.0003,2,-16.304559,8.3521257,0.0013991808,8.3431448
x0.01_Q400,0.01,400,1e-10,90,7,pt 16-17,16,17,0,slicing+P2B,rho=0.0001,2,-18.760303,11.979574,-2.4543447,11.970964
x0.01_Q400,0.01,400,1e-10,90,7,pt 16-17,16,17,0,pure tau1 slicing,tau1=0.1,1,1.1798177,0.00075478179,-7.0822167,0.0043054881
x0.01_Q400,0.01,400,1e-10,90,7,pt 16-17,16,17,0,pure tau1 slicing,tau1=0.1,2,33.846894,0.12157892,50.152852,0.4979912
x0.01_Q400,0.01,400,1e-10,90,7,pt 16-17,16,17,0,pure tau1 slicing,tau1=0.03,1,2.7913762,0.0016950126,-5.4706583,0.0045651506
x0.01_Q400,0.01,400,1e-10,90,7,pt 16-17,16,17,0,pure tau1 slicing,tau1=0.03,2,95.762524,0.24852964,112.06848,0.49230549
x0.01_Q400,0.01,400,1e-10,90,7,pt 16-17,16,17,0,pure tau1 slicing,tau1=0.01,1,4.7063182,0.002730201,-3.5557162,0.0050419767
x0.01_Q400,0.01,400,1e-10,90,7,pt 16-17,16,17,0,pure tau1 slicing,tau1=0.01,2,128.93931,0.43089998,145.24527,0.52503927
x0.01_Q400,0.01,400,1e-10,90,7,pt 16-17,16,17,0,pure tau1 slicing,tau1=0.003,1,6.5727639,0.0036183257,-1.6892706,0.0055731331
x0.01_Q400,0.01,400,1e-10,90,7,pt 16-17,16,17,0,pure tau1 slicing,tau1=0.003,2,106.65508,0.608125,122.96104,0.56188338
x0.01_Q400,0.01,400,1e-10,90,7,pt 16-17,16,17,0,pure tau1 slicing,tau1=0.001,1,7.6181247,0.0040397826,-0.64390974,0.0058555423
x0.01_Q400,0.01,400,1e-10,90,7,pt 16-17,16,17,0,pure tau1 slicing,tau1=0.001,2,55.670819,0.6892691,71.976777,0.56289369
x0.01_Q400,0.01,400,1e-10,90,7,pt 16-17,16,17,0,pure tau1 slicing,tau1=0.0003,1,8.1128123,0.0042040656,-0.1492222,0.005970067
x0.01_Q400,0.01,400,1e-10,90,7,pt 16-17,16,17,0,pure tau1 slicing,tau1=0.0003,2,7.825135,0.64084277,24.131094,0.43242634
x0.01_Q400,0.01,400,1e-10,90,7,pt 16-17,16,17,0,pure tau1 slicing,tau1=0.0001,1,8.2394107,0.0042358917,-0.022623715,0.0059925212
x0.01_Q400,0.01,400,1e-10,90,7,pt 16-17,16,17,0,pure tau1 slicing,tau1=0.0001,2,-10.840148,0.53917711,5.4658101,0.18950877
x0.01_Q400,0.01,400,1e-10,90,7,pt 16-17,16,17,0,pure tau1 slicing,tau1=3e-05,1,8.2609499,0.0042387747,-0.0010845775,0.0059945595
x0.01_Q400,0.01,400,1e-10,90,7,pt 16-17,16,17,0,pure tau1 slicing,tau1=3e-05,2,-15.977891,0.50875514,0.32806762,0.032206499
x0.01_Q400,0.01,400,1e-10,90,7,pt 16-17,16,17,0,pure tau1 slicing,tau1=1e-05,1,8.2620311,0.0042388126,-3.3424663e-06,0.0059945862
x0.01_Q400,0.01,400,1e-10,90,7,pt 16-17,16,17,0,pure tau1 slicing,tau1=1e-05,2,-16.30462,0.50772318,0.0013386181,0.00047954788
x0.01_Q400,0.01,400,1e-10,90,8,pt 17-20,17,20,0,DISENT+P2B,,1,4.88123,0.0016255756,0,0
x0.01_Q400,0.01,400,1e-10,90,8,pt 17-20,17,20,0,DISENT+P2B,,2,34.161795,0.17656097,0,0
x0.01_Q400,0.01,400,1e-10,90,8,pt 17-20,17,20,0,slicing+P2B,tau2=0.01,2,11.795795,0.16522023,-22.366,0.23264297
x0.01_Q400,0.01,400,1e-10,90,8,pt 17-20,17,20,0,slicing+P2B,tau2=0.001,2,31.394997,0.5279531,-2.7667983,0.53917435
x0.01_Q400,0.01,400,1e-10,90,8,pt 17-20,17,20,0,slicing+P2B,tau2=0.0001,2,34.615864,1.2268129,0.45406883,1.2256002
x0.01_Q400,0.01,400,1e-10,90,8,pt 17-20,17,20,0,slicing+P2B,tau2=1e-05,2,31.405079,2.5469976,-2.7567162,2.5439388
x0.01_Q400,0.01,400,1e-10,90,8,pt 17-20,17,20,0,slicing+P2B,rho=0.1,2,19.063879,0.37264513,-15.097916,0.39934704
x0.01_Q400,0.01,400,1e-10,90,8,pt 17-20,17,20,0,slicing+P2B,rho=0.03,2,29.367141,0.60247482,-4.7946535,0.61259207
x0.01_Q400,0.01,400,1e-10,90,8,pt 17-20,17,20,0,slicing+P2B,rho=0.01,2,32.293536,0.89368099,-1.8682587,0.89654795
x0.01_Q400,0.01,400,1e-10,90,8,pt 17-20,17,20,0,slicing+P2B,rho=0.003,2,31.08096,1.3294425,-3.080835,1.3286226
x0.01_Q400,0.01,400,1e-10,90,8,pt 17-20,17,20,0,slicing+P2B,rho=0.001,2,30.96859,1.8987311,-3.1932053,1.8965774
x0.01_Q400,0.01,400,1e-10,90,8,pt 17-20,17,20,0,slicing+P2B,rho=0.0003,2,31.360218,2.753167,-2.8015772,2.7507811
x0.01_Q400,0.01,400,1e-10,90,8,pt 17-20,17,20,0,slicing+P2B,rho=0.0001,2,33.821698,3.810976,-0.34009656,3.808471
x0.01_Q400,0.01,400,1e-10,90,8,pt 17-20,17,20,0,pure tau1 slicing,tau1=0.1,1,1.9564236,0.00077572219,-2.9248065,0.0018011776
x0.01_Q400,0.01,400,1e-10,90,8,pt 17-20,17,20,0,pure tau1 slicing,tau1=0.1,2,41.658539,0.097189595,7.4967443,0.16218881
x0.01_Q400,0.01,400,1e-10,90,8,pt 17-20,17,20,0,pure tau1 slicing,tau1=0.03,1,3.3977828,0.0012393796,-1.4834472,0.0020441521
x0.01_Q400,0.01,400,1e-10,90,8,pt 17-20,17,20,0,pure tau1 slicing,tau1=0.03,2,64.289223,0.15670898,30.127428,0.15641274
x0.01_Q400,0.01,400,1e-10,90,8,pt 17-20,17,20,0,pure tau1 slicing,tau1=0.01,1,4.2967181,0.001497107,-0.58451192,0.0022099379
x0.01_Q400,0.01,400,1e-10,90,8,pt 17-20,17,20,0,pure tau1 slicing,tau1=0.01,2,61.067848,0.19463285,26.906053,0.14408958
x0.01_Q400,0.01,400,1e-10,90,8,pt 17-20,17,20,0,pure tau1 slicing,tau1=0.003,1,4.7440867,0.0016031709,-0.13714331,0.0022831235
x0.01_Q400,0.01,400,1e-10,90,8,pt 17-20,17,20,0,pure tau1 slicing,tau1=0.003,2,46.26754,0.20094134,12.105745,0.11315794
x0.01_Q400,0.01,400,1e-10,90,8,pt 17-20,17,20,0,pure tau1 slicing,tau1=0.001,1,4.8605557,0.001623777,-0.020674376,0.0022976396
x0.01_Q400,0.01,400,1e-10,90,8,pt 17-20,17,20,0,pure tau1 slicing,tau1=0.001,2,37.015351,0.18369677,2.8535563,0.053324648
x0.01_Q400,0.01,400,1e-10,90,8,pt 17-20,17,20,0,pure tau1 slicing,tau1=0.0003,1,4.8802831,0.0016255586,-0.00094692003,0.002298899
x0.01_Q400,0.01,400,1e-10,90,8,pt 17-20,17,20,0,pure tau1 slicing,tau1=0.0003,2,34.356162,0.17682885,0.19436749,0.0095992895
x0.01_Q400,0.01,400,1e-10,90,8,pt 17-20,17,20,0,pure tau1 slicing,tau1=0.0001,1,4.8812279,0.0016255756,-2.1662031e-06,0.0022989111
x0.01_Q400,0.01,400,1e-10,90,8,pt 17-20,17,20,0,pure tau1 slicing,tau1=0.0001,2,34.162635,0.17656117,0.00084004423,0.00025156095
x0.01_Q400,0.01,400,1e-10,90,8,pt 17-20,17,20,0,pure tau1 slicing,tau1=3e-05,1,4.88123,0.0016255756,0,0.0022989111
x0.01_Q400,0.01,400,1e-10,90,8,pt 17-20,17,20,0,pure tau1 slicing,tau1=3e-05,2,34.161795,0.17656097,0,0
x0.01_Q400,0.01,400,1e-10,90,8,pt 17-20,17,20,0,pure tau1 slicing,tau1=1e-05,1,4.88123,0.0016255756,0,0.0022989111
x0.01_Q400,0.01,400,1e-10,90,8,pt 17-20,17,20,0,pure tau1 slicing,tau1=1e-05,2,34.161795,0.17656097,0,0
x0.01_Q400,0.01,400,1e-10,90,9,pt 20-40,20,40,0,DISENT+P2B,,1,2.2161368,0.00051434088,0,0
x0.01_Q400,0.01,400,1e-10,90,9,pt 20-40,20,40,0,DISENT+P2B,,2,26.306495,0.054648665,0,0
x0.01_Q400,0.01,400,1e-10,90,9,pt 20-40,20,40,0,slicing+P2B,tau2=0.01,2,24.456803,0.10390971,-1.8496912,0.11202952
x0.01_Q400,0.01,400,1e-10,90,9,pt 20-40,20,40,0,slicing+P2B,tau2=0.001,2,26.495831,0.27466964,0.18933606,0.27535552
x0.01_Q400,0.01,400,1e-10,90,9,pt 20-40,20,40,0,slicing+P2B,tau2=0.0001,2,25.28105,0.60651805,-1.0254443,0.60590657
x0.01_Q400,0.01,400,1e-10,90,9,pt 20-40,20,40,0,slicing+P2B,tau2=1e-05,2,24.930297,1.2273165,-1.3761979,1.2267364
x0.01_Q400,0.01,400,1e-10,90,9,pt 20-40,20,40,0,slicing+P2B,rho=0.1,2,22.687224,0.098010608,-3.619271,0.1073702
x0.01_Q400,0.01,400,1e-10,90,9,pt 20-40,20,40,0,slicing+P2B,rho=0.03,2,25.443669,0.16784902,-0.86282532,0.17143837
x0.01_Q400,0.01,400,1e-10,90,9,pt 20-40,20,40,0,slicing+P2B,rho=0.01,2,25.932022,0.25824591,-0.37447251,0.2594101
x0.01_Q400,0.01,400,1e-10,90,9,pt 20-40,20,40,0,slicing+P2B,rho=0.003,2,25.71216,0.39664395,-0.59433433,0.39661503
x0.01_Q400,0.01,400,1e-10,90,9,pt 20-40,20,40,0,slicing+P2B,rho=0.001,2,25.052243,0.57123182,-1.2542512,0.57080694
x0.01_Q400,0.01,400,1e-10,90,9,pt 20-40,20,40,0,slicing+P2B,rho=0.0003,2,25.758613,0.83685825,-0.54788127,0.83632406
x0.01_Q400,0.01,400,1e-10,90,9,pt 20-40,20,40,0,slicing+P2B,rho=0.0001,2,24.759599,1.1604149,-1.5468954,1.1598553
x0.01_Q400,0.01,400,1e-10,90,9,pt 20-40,20,40,0,pure tau1 slicing,tau1=0.1,1,1.6408534,0.0004219784,-0.57528342,0.00066529114
x0.01_Q400,0.01,400,1e-10,90,9,pt 20-40,20,40,0,pure tau1 slicing,tau1=0.1,2,30.791027,0.049786203,4.4845324,0.038591965
x0.01_Q400,0.01,400,1e-10,90,9,pt 20-40,20,40,0,pure tau1 slicing,tau1=0.03,1,2.0729595,0.00049618488,-0.14317725,0.00071466494
x0.01_Q400,0.01,400,1e-10,90,9,pt 20-40,20,40,0,pure tau1 slicing,tau1=0.03,2,31.09091,0.057191029,4.7844159,0.028971759
x0.01_Q400,0.01,400,1e-10,90,9,pt 20-40,20,40,0,pure tau1 slicing,tau1=0.01,1,2.1926056,0.00051263148,-0.02353117,0.00072618012
x0.01_Q400,0.01,400,1e-10,90,9,pt 20-40,20,40,0,pure tau1 slicing,tau1=0.01,2,27.945544,0.056313782,1.6390492,0.015384823
x0.01_Q400,0.01,400,1e-10,90,9,pt 20-40,20,40,0,pure tau1 slicing,tau1=0.003,1,2.2149439,0.00051432701,-0.0011929228,0.00072737803
x0.01_Q400,0.01,400,1e-10,90,9,pt 20-40,20,40,0,pure tau1 slicing,tau1=0.003,2,26.467425,0.054759168,0.16093052,0.0034972009
x0.01_Q400,0.01,400,1e-10,90,9,pt 20-40,20,40,0,pure tau1 slicing,tau1=0.001,1,2.216133,0.00051434095,-3.809023e-06,0.0007273879
x0.01_Q400,0.01,400,1e-10,90,9,pt 20-40,20,40,0,pure tau1 slicing,tau1=0.001,2,26.307302,0.054648723,0.00080777721,7.6389311e-05
x0.01_Q400,0.01,400,1e-10,90,9,pt 20-40,20,40,0,pure tau1 slicing,tau1=0.0003,1,2.2161368,0.00051434088,0,0.00072738784
x0.01_Q400,0.01,400,1e-10,90,9,pt 20-40,20,40,0,pure tau1 slicing,tau1=0.0003,2,26.306495,0.054648665,0,0
x0.01_Q400,0.01,400,1e-10,90,9,pt 20-40,20,40,0,pure tau1 slicing,tau1=0.0001,1,2.2161368,0.00051434088,0,0.00072738784
x0.01_Q400,0.01,400,1e-10,90,9,pt 20-40,20,40,0,pure tau1 slicing,tau1=0.0001,2,26.306495,0.054648665,0,0
x0.01_Q400,0.01,400,1e-10,90,9,pt 20-40,20,40,0,pure tau1 slicing,tau1=3e-05,1,2.2161368,0.00051434088,0,0.00072738784
x0.01_Q400,0.01,400,1e-10,90,9,pt 20-40,20,40,0,pure tau1 slicing,tau1=3e-05,2,26.306495,0.054648665,0,0
x0.01_Q400,0.01,400,1e-10,90,9,pt 20-40,20,40,0,pure tau1 slicing,tau1=1e-05,1,2.2161368,0.00051434088,0,0.00072738784
x0.01_Q400,0.01,400,1e-10,90,9,pt 20-40,20,40,0,pure tau1 slicing,tau1=1e-05,2,26.306495,0.054648665,0,0
x0.01_Q400,0.01,400,1e-10,90,10,eta -1..-0.6,-1,-0.6,0,DISENT+P2B,,1,1.2367448,0.00066604119,0,0
x0.01_Q400,0.01,400,1e-10,90,10,eta -1..-0.6,-1,-0.6,0,DISENT+P2B,,2,-6.678956,0.091060049,0,0
x0.01_Q400,0.01,400,1e-10,90,10,eta -1..-0.6,-1,-0.6,0,slicing+P2B,tau2=0.01,2,-5.790648,0.081030933,0.88830797,0.11392484
x0.01_Q400,0.01,400,1e-10,90,10,eta -1..-0.6,-1,-0.6,0,slicing+P2B,tau2=0.001,2,-6.008274,0.24245044,0.67068199,0.24750907
x0.01_Q400,0.01,400,1e-10,90,10,eta -1..-0.6,-1,-0.6,0,slicing+P2B,tau2=0.0001,2,-6.4860093,0.56064519,0.19294672,0.55954352
x0.01_Q400,0.01,400,1e-10,90,10,eta -1..-0.6,-1,-0.6,0,slicing+P2B,tau2=1e-05,2,-5.481616,1.1599088,1.19734,1.1582296
x0.01_Q400,0.01,400,1e-10,90,10,eta -1..-0.6,-1,-0.6,0,slicing+P2B,rho=0.1,2,-5.1047676,0.12431919,1.5741884,0.1460403
x0.01_Q400,0.01,400,1e-10,90,10,eta -1..-0.6,-1,-0.6,0,slicing+P2B,rho=0.03,2,-5.9929591,0.21108648,0.68599686,0.22025405
x0.01_Q400,0.01,400,1e-10,90,10,eta -1..-0.6,-1,-0.6,0,slicing+P2B,rho=0.01,2,-6.0424001,0.32506048,0.63655593,0.32827626
x0.01_Q400,0.01,400,1e-10,90,10,eta -1..-0.6,-1,-0.6,0,slicing+P2B,rho=0.003,2,-5.9196991,0.49704429,0.7592569,0.49720697
x0.01_Q400,0.01,400,1e-10,90,10,eta -1..-0.6,-1,-0.6,0,slicing+P2B,rho=0.001,2,-6.1795233,0.70918353,0.49943265,0.70815848
x0.01_Q400,0.01,400,1e-10,90,10,eta -1..-0.6,-1,-0.6,0,slicing+P2B,rho=0.0003,2,-5.6888107,1.0363707,0.99014531,1.0348476
x0.01_Q400,0.01,400,1e-10,90,10,eta -1..-0.6,-1,-0.6,0,slicing+P2B,rho=0.0001,2,-5.5805674,1.4321389,1.0983886,1.4307319
x0.01_Q400,0.01,400,1e-10,90,10,eta -1..-0.6,-1,-0.6,0,pure tau1 slicing,tau1=0.1,1,0.48232026,0.00042326907,-0.75442458,0.00078915624
x0.01_Q400,0.01,400,1e-10,90,10,eta -1..-0.6,-1,-0.6,0,pure tau1 slicing,tau1=0.1,2,2.4661781,0.065605645,9.1451341,0.073083098
x0.01_Q400,0.01,400,1e-10,90,10,eta -1..-0.6,-1,-0.6,0,pure tau1 slicing,tau1=0.03,1,1.0047766,0.0006121561,-0.23196828,0.00090462476
x0.01_Q400,0.01,400,1e-10,90,10,eta -1..-0.6,-1,-0.6,0,pure tau1 slicing,tau1=0.03,2,1.5039065,0.092289921,8.1828625,0.056055731
x0.01_Q400,0.01,400,1e-10,90,10,eta -1..-0.6,-1,-0.6,0,pure tau1 slicing,tau1=0.01,1,1.1931441,0.00065987263,-0.043600756,0.0009375728
x0.01_Q400,0.01,400,1e-10,90,10,eta -1..-0.6,-1,-0.6,0,pure tau1 slicing,tau1=0.01,2,-3.7058835,0.093541676,2.9730724,0.030352714
x0.01_Q400,0.01,400,1e-10,90,10,eta -1..-0.6,-1,-0.6,0,pure tau1 slicing,tau1=0.003,1,1.233582,0.00066589453,-0.0031627873,0.00094182079
x0.01_Q400,0.01,400,1e-10,90,10,eta -1..-0.6,-1,-0.6,0,pure tau1 slicing,tau1=0.003,2,-6.2928042,0.091296325,0.38615181,0.0073279979
x0.01_Q400,0.01,400,1e-10,90,10,eta -1..-0.6,-1,-0.6,0,pure tau1 slicing,tau1=0.001,1,1.236688,0.00066604108,-5.6838269e-05,0.00094192441
x0.01_Q400,0.01,400,1e-10,90,10,eta -1..-0.6,-1,-0.6,0,pure tau1 slicing,tau1=0.001,2,-6.6683284,0.091062663,0.010627574,0.00068888269
x0.01_Q400,0.01,400,1e-10,90,10,eta -1..-0.6,-1,-0.6,0,pure tau1 slicing,tau1=0.0003,1,1.2367448,0.00066604119,0,0.00094192449
x0.01_Q400,0.01,400,1e-10,90,10,eta -1..-0.6,-1,-0.6,0,pure tau1 slicing,tau1=0.0003,2,-6.678956,0.091060049,0,0
x0.01_Q400,0.01,400,1e-10,90,10,eta -1..-0.6,-1,-0.6,0,pure tau1 slicing,tau1=0.0001,1,1.2367448,0.00066604119,0,0.00094192449
x0.01_Q400,0.01,400,1e-10,90,10,eta -1..-0.6,-1,-0.6,0,pure tau1 slicing,tau1=0.0001,2,-6.678956,0.091060049,0,0
x0.01_Q400,0.01,400,1e-10,90,10,eta -1..-0.6,-1,-0.6,0,pure tau1 slicing,tau1=3e-05,1,1.2367448,0.00066604119,0,0.00094192449
x0.01_Q400,0.01,400,1e-10,90,10,eta -1..-0.6,-1,-0.6,0,pure tau1 slicing,tau1=3e-05,2,-6.678956,0.091060049,0,0
x0.01_Q400,0.01,400,1e-10,90,10,eta -1..-0.6,-1,-0.6,0,pure tau1 slicing,tau1=1e-05,1,1.2367448,0.00066604119,0,0.00094192449
x0.01_Q400,0.01,400,1e-10,90,10,eta -1..-0.6,-1,-0.6,0,pure tau1 slicing,tau1=1e-05,2,-6.678956,0.091060049,0,0
x0.01_Q400,0.01,400,1e-10,90,11,eta -0.6..-0.4,-0.6,-0.4,0,DISENT+P2B,,1,5.8948408,0.0024565937,0,0
x0.01_Q400,0.01,400,1e-10,90,11,eta -0.6..-0.4,-0.6,-0.4,0,DISENT+P2B,,2,-44.58132,0.31283402,0,0
x0.01_Q400,0.01,400,1e-10,90,11,eta -0.6..-0.4,-0.6,-0.4,0,slicing+P2B,tau2=0.01,2,-42.522442,0.14071379,2.0588777,0.33722966
x0.01_Q400,0.01,400,1e-10,90,11,eta -0.6..-0.4,-0.6,-0.4,0,slicing+P2B,tau2=0.001,2,-47.809271,0.56604457,-3.2279511,0.62016659
x0.01_Q400,0.01,400,1e-10,90,11,eta -0.6..-0.4,-0.6,-0.4,0,slicing+P2B,tau2=0.0001,2,-43.745662,1.3904231,0.83565722,1.396554
x0.01_Q400,0.01,400,1e-10,90,11,eta -0.6..-0.4,-0.6,-0.4,0,slicing+P2B,tau2=1e-05,2,-42.932951,2.9473821,1.6483683,2.9430217
x0.01_Q400,0.01,400,1e-10,90,11,eta -0.6..-0.4,-0.6,-0.4,0,slicing+P2B,rho=0.1,2,-49.104139,0.59820113,-4.5228199,0.65616034
x0.01_Q400,0.01,400,1e-10,90,11,eta -0.6..-0.4,-0.6,-0.4,0,slicing+P2B,rho=0.03,2,-42.525013,0.94542514,2.0563066,0.97218978
x0.01_Q400,0.01,400,1e-10,90,11,eta -0.6..-0.4,-0.6,-0.4,0,slicing+P2B,rho=0.01,2,-42.629603,1.3937063,1.9517169,1.4047363
x0.01_Q400,0.01,400,1e-10,90,11,eta -0.6..-0.4,-0.6,-0.4,0,slicing+P2B,rho=0.003,2,-42.14661,2.0604459,2.4347098,2.0621622
x0.01_Q400,0.01,400,1e-10,90,11,eta -0.6..-0.4,-0.6,-0.4,0,slicing+P2B,rho=0.001,2,-40.451405,2.9316906,4.1299146,2.9293944
x0.01_Q400,0.01,400,1e-10,90,11,eta -0.6..-0.4,-0.6,-0.4,0,slicing+P2B,rho=0.0003,2,-39.026175,4.2057349,5.5551447,4.2016535
x0.01_Q400,0.01,400,1e-10,90,11,eta -0.6..-0.4,-0.6,-0.4,0,slicing+P2B,rho=0.0001,2,-34.669349,5.7413813,9.9119702,5.7367468
x0.01_Q400,0.01,400,1e-10,90,11,eta -0.6..-0.4,-0.6,-0.4,0,pure tau1 slicing,tau1=0.1,1,0.92534639,0.00065180974,-4.9694944,0.0025415957
x0.01_Q400,0.01,400,1e-10,90,11,eta -0.6..-0.4,-0.6,-0.4,0,pure tau1 slicing,tau1=0.1,2,17.804578,0.11286746,62.385898,0.29852019
x0.01_Q400,0.01,400,1e-10,90,11,eta -0.6..-0.4,-0.6,-0.4,0,pure tau1 slicing,tau1=0.03,1,3.0362055,0.0015849531,-2.8586353,0.0029235131
x0.01_Q400,0.01,400,1e-10,90,11,eta -0.6..-0.4,-0.6,-0.4,0,pure tau1 slicing,tau1=0.03,2,27.995117,0.24005868,72.576437,0.25997141
x0.01_Q400,0.01,400,1e-10,90,11,eta -0.6..-0.4,-0.6,-0.4,0,pure tau1 slicing,tau1=0.01,1,4.6051461,0.0021173301,-1.2896947,0.0032431373
x0.01_Q400,0.01,400,1e-10,90,11,eta -0.6..-0.4,-0.6,-0.4,0,pure tau1 slicing,tau1=0.01,2,16.467212,0.31286134,61.048531,0.25892086
x0.01_Q400,0.01,400,1e-10,90,11,eta -0.6..-0.4,-0.6,-0.4,0,pure tau1 slicing,tau1=0.003,1,5.5094278,0.002370908,-0.38541296,0.0034140969
x0.01_Q400,0.01,400,1e-10,90,11,eta -0.6..-0.4,-0.6,-0.4,0,pure tau1 slicing,tau1=0.003,2,-12.155426,0.34591007,32.425893,0.22800258
x0.01_Q400,0.01,400,1e-10,90,11,eta -0.6..-0.4,-0.6,-0.4,0,pure tau1 slicing,tau1=0.001,1,5.8122825,0.0024436133,-0.082558341,0.0034649818
x0.01_Q400,0.01,400,1e-10,90,11,eta -0.6..-0.4,-0.6,-0.4,0,pure tau1 slicing,tau1=0.001,2,-33.647831,0.34335967,10.933488,0.16014553
x0.01_Q400,0.01,400,1e-10,90,11,eta -0.6..-0.4,-0.6,-0.4,0,pure tau1 slicing,tau1=0.0003,1,5.8871079,0.0024561023,-0.0077329298,0.0034738007
x0.01_Q400,0.01,400,1e-10,90,11,eta -0.6..-0.4,-0.6,-0.4,0,pure tau1 slicing,tau1=0.0003,2,-43.089099,0.31738845,1.4922207,0.054836369
x0.01_Q400,0.01,400,1e-10,90,11,eta -0.6..-0.4,-0.6,-0.4,0,pure tau1 slicing,tau1=0.0001,1,5.8945722,0.0024565912,-0.00026858625,0.0034741463
x0.01_Q400,0.01,400,1e-10,90,11,eta -0.6..-0.4,-0.6,-0.4,0,pure tau1 slicing,tau1=0.0001,2,-44.505983,0.31289819,0.075337104,0.0063477101
x0.01_Q400,0.01,400,1e-10,90,11,eta -0.6..-0.4,-0.6,-0.4,0,pure tau1 slicing,tau1=3e-05,1,5.8948408,0.0024565937,-3.469764e-09,0.0034741481
x0.01_Q400,0.01,400,1e-10,90,11,eta -0.6..-0.4,-0.6,-0.4,0,pure tau1 slicing,tau1=3e-05,2,-44.581319,0.31283402,3.1401505e-07,2.2427976e-07
x0.01_Q400,0.01,400,1e-10,90,11,eta -0.6..-0.4,-0.6,-0.4,0,pure tau1 slicing,tau1=1e-05,1,5.8948408,0.0024565937,0,0.0034741481
x0.01_Q400,0.01,400,1e-10,90,11,eta -0.6..-0.4,-0.6,-0.4,0,pure tau1 slicing,tau1=1e-05,2,-44.58132,0.31283402,0,0
x0.01_Q400,0.01,400,1e-10,90,12,eta -0.4..-0.2,-0.4,-0.2,1,DISENT+P2B,,1,-23.350436,0.003101334,0,0
x0.01_Q400,0.01,400,1e-10,90,12,eta -0.4..-0.2,-0.4,-0.2,1,DISENT+P2B,,2,-147.27441,0.36225966,0,0
x0.01_Q400,0.01,400,1e-10,90,12,eta -0.4..-0.2,-0.4,-0.2,1,slicing+P2B,tau2=0.01,2,-128.85863,0.31730655,18.415778,0.47013393
x0.01_Q400,0.01,400,1e-10,90,12,eta -0.4..-0.2,-0.4,-0.2,1,slicing+P2B,tau2=0.001,2,-146.74217,1.0047489,0.53223742,1.0392105
x0.01_Q400,0.01,400,1e-10,90,12,eta -0.4..-0.2,-0.4,-0.2,1,slicing+P2B,tau2=0.0001,2,-148.64174,2.3639578,-1.3673254,2.3655132
x0.01_Q400,0.01,400,1e-10,90,12,eta -0.4..-0.2,-0.4,-0.2,1,slicing+P2B,tau2=1e-05,2,-146.8033,4.9280443,0.47110662,4.9231861
x0.01_Q400,0.01,400,1e-10,90,12,eta -0.4..-0.2,-0.4,-0.2,1,slicing+P2B,rho=0.1,2,-119.84828,0.67963306,27.426134,0.7461907
x0.01_Q400,0.01,400,1e-10,90,12,eta -0.4..-0.2,-0.4,-0.2,1,slicing+P2B,rho=0.03,2,-144.5688,1.0989811,2.7056077,1.1275225
x0.01_Q400,0.01,400,1e-10,90,12,eta -0.4..-0.2,-0.4,-0.2,1,slicing+P2B,rho=0.01,2,-148.82217,1.6458271,-1.547756,1.6563837
x0.01_Q400,0.01,400,1e-10,90,12,eta -0.4..-0.2,-0.4,-0.2,1,slicing+P2B,rho=0.003,2,-149.10214,2.4687516,-1.8277322,2.4693631
x0.01_Q400,0.01,400,1e-10,90,12,eta -0.4..-0.2,-0.4,-0.2,1,slicing+P2B,rho=0.001,2,-147.4894,3.5349424,-0.21498793,3.5315638
x0.01_Q400,0.01,400,1e-10,90,12,eta -0.4..-0.2,-0.4,-0.2,1,slicing+P2B,rho=0.0003,2,-149.79123,5.1082651,-2.5168182,5.1032212
x0.01_Q400,0.01,400,1e-10,90,12,eta -0.4..-0.2,-0.4,-0.2,1,slicing+P2B,rho=0.0001,2,-153.21725,7.0276405,-5.9428434,7.0222868
x0.01_Q400,0.01,400,1e-10,90,12,eta -0.4..-0.2,-0.4,-0.2,1,pure tau1 slicing,tau1=0.1,1,-15.239051,0.0011825067,8.1113851,0.0033191255
x0.01_Q400,0.01,400,1e-10,90,12,eta -0.4..-0.2,-0.4,-0.2,1,pure tau1 slicing,tau1=0.1,2,-200.31153,0.23916143,-53.037122,0.38487946
x0.01_Q400,0.01,400,1e-10,90,12,eta -0.4..-0.2,-0.4,-0.2,1,pure tau1 slicing,tau1=0.03,1,-19.717885,0.0046329071,3.6325515,0.0055751323
x0.01_Q400,0.01,400,1e-10,90,12,eta -0.4..-0.2,-0.4,-0.2,1,pure tau1 slicing,tau1=0.03,2,-216.44881,0.79710084,-69.174399,0.79127749
x0.01_Q400,0.01,400,1e-10,90,12,eta -0.4..-0.2,-0.4,-0.2,1,pure tau1 slicing,tau1=0.01,1,-21.929243,0.010656294,1.4211931,0.011098417
x0.01_Q400,0.01,400,1e-10,90,12,eta -0.4..-0.2,-0.4,-0.2,1,pure tau1 slicing,tau1=0.01,2,-200.9442,2.2102067,-53.669791,2.1974787
x0.01_Q400,0.01,400,1e-10,90,12,eta -0.4..-0.2,-0.4,-0.2,1,pure tau1 slicing,tau1=0.003,1,-22.980382,0.022968549,0.370054,0.023176982
x0.01_Q400,0.01,400,1e-10,90,12,eta -0.4..-0.2,-0.4,-0.2,1,pure tau1 slicing,tau1=0.003,2,-168.8964,5.9001645,-21.621992,5.8927787
x0.01_Q400,0.01,400,1e-10,90,12,eta -0.4..-0.2,-0.4,-0.2,1,pure tau1 slicing,tau1=0.001,1,-23.276608,0.043452263,0.073828257,0.043562799
x0.01_Q400,0.01,400,1e-10,90,12,eta -0.4..-0.2,-0.4,-0.2,1,pure tau1 slicing,tau1=0.001,2,-143.96364,13.862638,3.3107734,13.858784
x0.01_Q400,0.01,400,1e-10,90,12,eta -0.4..-0.2,-0.4,-0.2,1,pure tau1 slicing,tau1=0.0003,1,-23.347706,0.084160278,0.0027303532,0.084217401
x0.01_Q400,0.01,400,1e-10,90,12,eta -0.4..-0.2,-0.4,-0.2,1,pure tau1 slicing,tau1=0.0003,2,-100.70643,37.296911,46.567976,37.295448
x0.01_Q400,0.01,400,1e-10,90,12,eta -0.4..-0.2,-0.4,-0.2,1,pure tau1 slicing,tau1=0.0001,1,-23.056988,0.15101005,0.2934485,0.1510419
x0.01_Q400,0.01,400,1e-10,90,12,eta -0.4..-0.2,-0.4,-0.2,1,pure tau1 slicing,tau1=0.0001,2,-177.92049,80.971086,-30.646075,80.970452
x0.01_Q400,0.01,400,1e-10,90,12,eta -0.4..-0.2,-0.4,-0.2,1,pure tau1 slicing,tau1=3e-05,1,-23.213144,0.27930738,0.13729222,0.2793246
x0.01_Q400,0.01,400,1e-10,90,12,eta -0.4..-0.2,-0.4,-0.2,1,pure tau1 slicing,tau1=3e-05,2,-44.570126,246.76311,102.70429,246.76293
x0.01_Q400,0.01,400,1e-10,90,12,eta -0.4..-0.2,-0.4,-0.2,1,pure tau1 slicing,tau1=1e-05,1,-22.71165,0.49332206,0.63878657,0.49333181
x0.01_Q400,0.01,400,1e-10,90,12,eta -0.4..-0.2,-0.4,-0.2,1,pure tau1 slicing,tau1=1e-05,2,-547.39535,428.49414,-400.12094,428.49407
x0.01_Q400,0.01,400,1e-10,90,13,eta -0.2..0.2,-0.2,0.2,0,DISENT+P2B,,1,8.7512377,0.0020111466,0,0
x0.01_Q400,0.01,400,1e-10,90,13,eta -0.2..0.2,-0.2,0.2,0,DISENT+P2B,,2,101.80584,0.20761825,0,0
x0.01_Q400,0.01,400,1e-10,90,13,eta -0.2..0.2,-0.2,0.2,0,slicing+P2B,tau2=0.01,2,79.263153,0.22214737,-22.542683,0.28585179
x0.01_Q400,0.01,400,1e-10,90,13,eta -0.2..0.2,-0.2,0.2,0,slicing+P2B,tau2=0.001,2,103.21885,0.66279838,1.4130165,0.67017391
x0.01_Q400,0.01,400,1e-10,90,13,eta -0.2..0.2,-0.2,0.2,0,slicing+P2B,tau2=0.0001,2,100.58266,1.5294311,-1.2231778,1.5276303
x0.01_Q400,0.01,400,1e-10,90,13,eta -0.2..0.2,-0.2,0.2,0,slicing+P2B,tau2=1e-05,2,98.680027,3.1721205,-3.1258083,3.1698228
x0.01_Q400,0.01,400,1e-10,90,13,eta -0.2..0.2,-0.2,0.2,0,slicing+P2B,rho=0.1,2,80.673016,0.28536077,-21.13282,0.33117477
x0.01_Q400,0.01,400,1e-10,90,13,eta -0.2..0.2,-0.2,0.2,0,slicing+P2B,rho=0.03,2,97.354259,0.49144298,-4.4515767,0.50822923
x0.01_Q400,0.01,400,1e-10,90,13,eta -0.2..0.2,-0.2,0.2,0,slicing+P2B,rho=0.01,2,101.49681,0.7608167,-0.3090274,0.76594259
x0.01_Q400,0.01,400,1e-10,90,13,eta -0.2..0.2,-0.2,0.2,0,slicing+P2B,rho=0.003,2,100.75912,1.1718238,-1.046717,1.1717354
x0.01_Q400,0.01,400,1e-10,90,13,eta -0.2..0.2,-0.2,0.2,0,slicing+P2B,rho=0.001,2,97.838244,1.6955777,-3.9675919,1.6938429
x0.01_Q400,0.01,400,1e-10,90,13,eta -0.2..0.2,-0.2,0.2,0,slicing+P2B,rho=0.0003,2,96.653932,2.4763526,-5.1519042,2.4740948
x0.01_Q400,0.01,400,1e-10,90,13,eta -0.2..0.2,-0.2,0.2,0,slicing+P2B,rho=0.0001,2,96.281438,3.4596264,-5.5243974,3.4575948
x0.01_Q400,0.01,400,1e-10,90,13,eta -0.2..0.2,-0.2,0.2,0,pure tau1 slicing,tau1=0.1,1,5.5450996,0.0015115778,-3.2061381,0.0025158653
x0.01_Q400,0.01,400,1e-10,90,13,eta -0.2..0.2,-0.2,0.2,0,pure tau1 slicing,tau1=0.1,2,101.45639,0.17751295,-0.34944283,0.20192123
x0.01_Q400,0.01,400,1e-10,90,13,eta -0.2..0.2,-0.2,0.2,0,pure tau1 slicing,tau1=0.03,1,7.8345187,0.0019109246,-0.91671903,0.0027742285
x0.01_Q400,0.01,400,1e-10,90,13,eta -0.2..0.2,-0.2,0.2,0,pure tau1 slicing,tau1=0.03,2,120.80636,0.20459601,19.000522,0.12158907
x0.01_Q400,0.01,400,1e-10,90,13,eta -0.2..0.2,-0.2,0.2,0,pure tau1 slicing,tau1=0.01,1,8.5108213,0.0019921163,-0.24041643,0.0028307664
x0.01_Q400,0.01,400,1e-10,90,13,eta -0.2..0.2,-0.2,0.2,0,pure tau1 slicing,tau1=0.01,2,113.94799,0.2147334,12.142156,0.082272039
x0.01_Q400,0.01,400,1e-10,90,13,eta -0.2..0.2,-0.2,0.2,0,pure tau1 slicing,tau1=0.003,1,8.7171552,0.0020098272,-0.034082451,0.002843258
x0.01_Q400,0.01,400,1e-10,90,13,eta -0.2..0.2,-0.2,0.2,0,pure tau1 slicing,tau1=0.003,2,105.13428,0.21186079,3.3284474,0.045989913
x0.01_Q400,0.01,400,1e-10,90,13,eta -0.2..0.2,-0.2,0.2,0,pure tau1 slicing,tau1=0.001,1,8.7485541,0.0020111422,-0.0026836124,0.0028441877
x0.01_Q400,0.01,400,1e-10,90,13,eta -0.2..0.2,-0.2,0.2,0,pure tau1 slicing,tau1=0.001,2,102.2519,0.2082196,0.44606102,0.015720336
x0.01_Q400,0.01,400,1e-10,90,13,eta -0.2..0.2,-0.2,0.2,0,pure tau1 slicing,tau1=0.0003,1,8.751223,0.0020111469,-1.4648595e-05,0.0028441911
x0.01_Q400,0.01,400,1e-10,90,13,eta -0.2..0.2,-0.2,0.2,0,pure tau1 slicing,tau1=0.0003,2,101.80987,0.20761869,0.0040294492,0.00038567126
x0.01_Q400,0.01,400,1e-10,90,13,eta -0.2..0.2,-0.2,0.2,0,pure tau1 slicing,tau1=0.0001,1,8.7512377,0.0020111466,0,0.0028441909
x0.01_Q400,0.01,400,1e-10,90,13,eta -0.2..0.2,-0.2,0.2,0,pure tau1 slicing,tau1=0.0001,2,101.80584,0.20761825,0,0
x0.01_Q400,0.01,400,1e-10,90,13,eta -0.2..0.2,-0.2,0.2,0,pure tau1 slicing,tau1=3e-05,1,8.7512377,0.0020111466,0,0.0028441909
x0.01_Q400,0.01,400,1e-10,90,13,eta -0.2..0.2,-0.2,0.2,0,pure tau1 slicing,tau1=3e-05,2,101.80584,0.20761825,0,0
x0.01_Q400,0.01,400,1e-10,90,13,eta -0.2..0.2,-0.2,0.2,0,pure tau1 slicing,tau1=1e-05,1,8.7512377,0.0020111466,0,0.0028441909
x0.01_Q400,0.01,400,1e-10,90,13,eta -0.2..0.2,-0.2,0.2,0,pure tau1 slicing,tau1=1e-05,2,101.80584,0.20761825,0,0
x0.01_Q400,0.01,400,1e-10,90,14,eta 0.2..1,0.2,1,0,DISENT+P2B,,1,3.7929252,0.00080528579,0,0
x0.01_Q400,0.01,400,1e-10,90,14,eta 0.2..1,0.2,1,0,DISENT+P2B,,2,39.118986,0.080939485,0,0
x0.01_Q400,0.01,400,1e-10,90,14,eta 0.2..1,0.2,1,0,slicing+P2B,tau2=0.01,2,40.292084,0.14823589,1.173098,0.15937336
x0.01_Q400,0.01,400,1e-10,90,14,eta 0.2..1,0.2,1,0,slicing+P2B,tau2=0.001,2,39.47606,0.40238603,0.35707355,0.40253365
x0.01_Q400,0.01,400,1e-10,90,14,eta 0.2..1,0.2,1,0,slicing+P2B,tau2=0.0001,2,40.761735,0.89947008,1.6427487,0.89808381
x0.01_Q400,0.01,400,1e-10,90,14,eta 0.2..1,0.2,1,0,slicing+P2B,tau2=1e-05,2,39.031231,1.8180183,-0.087755236,1.8168277
x0.01_Q400,0.01,400,1e-10,90,14,eta 0.2..1,0.2,1,0,slicing+P2B,rho=0.1,2,37.762715,0.077523955,-1.3562712,0.10455536
x0.01_Q400,0.01,400,1e-10,90,14,eta 0.2..1,0.2,1,0,slicing+P2B,rho=0.03,2,38.689421,0.15367256,-0.42956529,0.16348022
x0.01_Q400,0.01,400,1e-10,90,14,eta 0.2..1,0.2,1,0,slicing+P2B,rho=0.01,2,38.749036,0.25477971,-0.36994971,0.25755329
x0.01_Q400,0.01,400,1e-10,90,14,eta 0.2..1,0.2,1,0,slicing+P2B,rho=0.003,2,39.040824,0.41235004,-0.078162019,0.41211722
x0.01_Q400,0.01,400,1e-10,90,14,eta 0.2..1,0.2,1,0,slicing+P2B,rho=0.001,2,38.97593,0.61234391,-0.14305577,0.61110162
x0.01_Q400,0.01,400,1e-10,90,14,eta 0.2..1,0.2,1,0,slicing+P2B,rho=0.0003,2,40.367325,0.91769018,1.2483389,0.91624713
x0.01_Q400,0.01,400,1e-10,90,14,eta 0.2..1,0.2,1,0,slicing+P2B,rho=0.0001,2,39.420748,1.2919174,0.30176152,1.2905248
x0.01_Q400,0.01,400,1e-10,90,14,eta 0.2..1,0.2,1,0,pure tau1 slicing,tau1=0.1,1,3.7045563,0.00080470366,-0.088368872,0.0011384345
x0.01_Q400,0.01,400,1e-10,90,14,eta 0.2..1,0.2,1,0,pure tau1 slicing,tau1=0.1,2,40.855188,0.08109594,1.7362024,0.01074468
x0.01_Q400,0.01,400,1e-10,90,14,eta 0.2..1,0.2,1,0,pure tau1 slicing,tau1=0.03,1,3.7865147,0.00080536101,-0.0064104215,0.0011388993
x0.01_Q400,0.01,400,1e-10,90,14,eta 0.2..1,0.2,1,0,pure tau1 slicing,tau1=0.03,2,39.511024,0.080988617,0.39203783,0.0030911612
x0.01_Q400,0.01,400,1e-10,90,14,eta 0.2..1,0.2,1,0,pure tau1 slicing,tau1=0.01,1,3.7927879,0.00080528888,-0.00013730704,0.0011388483
x0.01_Q400,0.01,400,1e-10,90,14,eta 0.2..1,0.2,1,0,pure tau1 slicing,tau1=0.01,2,39.135506,0.080940243,0.016520044,0.00047973868
x0.01_Q400,0.01,400,1e-10,90,14,eta 0.2..1,0.2,1,0,pure tau1 slicing,tau1=0.003,1,3.7929252,0.00080528579,0,0.0011388461
x0.01_Q400,0.01,400,1e-10,90,14,eta 0.2..1,0.2,1,0,pure tau1 slicing,tau1=0.003,2,39.118986,0.080939485,0,0
x0.01_Q400,0.01,400,1e-10,90,14,eta 0.2..1,0.2,1,0,pure tau1 slicing,tau1=0.001,1,3.7929252,0.00080528579,0,0.0011388461
x0.01_Q400,0.01,400,1e-10,90,14,eta 0.2..1,0.2,1,0,pure tau1 slicing,tau1=0.001,2,39.118986,0.080939485,0,0
x0.01_Q400,0.01,400,1e-10,90,14,eta 0.2..1,0.2,1,0,pure tau1 slicing,tau1=0.0003,1,3.7929252,0.00080528579,0,0.0011388461
x0.01_Q400,0.01,400,1e-10,90,14,eta 0.2..1,0.2,1,0,pure tau1 slicing,tau1=0.0003,2,39.118986,0.080939485,0,0
x0.01_Q400,0.01,400,1e-10,90,14,eta 0.2..1,0.2,1,0,pure tau1 slicing,tau1=0.0001,1,3.7929252,0.00080528579,0,0.0011388461
x0.01_Q400,0.01,400,1e-10,90,14,eta 0.2..1,0.2,1,0,pure tau1 slicing,tau1=0.0001,2,39.118986,0.080939485,0,0
x0.01_Q400,0.01,400,1e-10,90,14,eta 0.2..1,0.2,1,0,pure tau1 slicing,tau1=3e-05,1,3.7929252,0.00080528579,0,0.0011388461
x0.01_Q400,0.01,400,1e-10,90,14,eta 0.2..1,0.2,1,0,pure tau1 slicing,tau1=3e-05,2,39.118986,0.080939485,0,0
x0.01_Q400,0.01,400,1e-10,90,14,eta 0.2..1,0.2,1,0,pure tau1 slicing,tau1=1e-05,1,3.7929252,0.00080528579,0,0.0011388461
x0.01_Q400,0.01,400,1e-10,90,14,eta 0.2..1,0.2,1,0,pure tau1 slicing,tau1=1e-05,2,39.118986,0.080939485,0,0
x0.01_Q400,0.01,400,1e-10,90,15,eta 1..2.5,1,2.5,0,DISENT+P2B,,1,1.1439921,0.00038226608,0,0
x0.01_Q400,0.01,400,1e-10,90,15,eta 1..2.5,1,2.5,0,DISENT+P2B,,2,22.847242,0.048849877,0,0
x0.01_Q400,0.01,400,1e-10,90,15,eta 1..2.5,1,2.5,0,slicing+P2B,tau2=0.01,2,22.925323,0.082980343,0.07808095,0.089419635
x0.01_Q400,0.01,400,1e-10,90,15,eta 1..2.5,1,2.5,0,slicing+P2B,tau2=0.001,2,23.032819,0.21624696,0.18557608,0.21648007
x0.01_Q400,0.01,400,1e-10,90,15,eta 1..2.5,1,2.5,0,slicing+P2B,tau2=0.0001,2,22.820222,0.47891038,-0.027020346,0.47833141
x0.01_Q400,0.01,400,1e-10,90,15,eta 1..2.5,1,2.5,0,slicing+P2B,tau2=1e-05,2,22.638084,0.96904524,-0.20915829,0.9686111
x0.01_Q400,0.01,400,1e-10,90,15,eta 1..2.5,1,2.5,0,slicing+P2B,rho=0.1,2,20.932207,0.070476017,-1.9150353,0.079006203
x0.01_Q400,0.01,400,1e-10,90,15,eta 1..2.5,1,2.5,0,slicing+P2B,rho=0.03,2,22.264619,0.12300852,-0.58262319,0.12587488
x0.01_Q400,0.01,400,1e-10,90,15,eta 1..2.5,1,2.5,0,slicing+P2B,rho=0.01,2,22.531986,0.19167469,-0.31525679,0.19223357
x0.01_Q400,0.01,400,1e-10,90,15,eta 1..2.5,1,2.5,0,slicing+P2B,rho=0.003,2,22.665487,0.29826842,-0.18175581,0.29793028
x0.01_Q400,0.01,400,1e-10,90,15,eta 1..2.5,1,2.5,0,slicing+P2B,rho=0.001,2,22.550158,0.43118616,-0.29708491,0.43061166
x0.01_Q400,0.01,400,1e-10,90,15,eta 1..2.5,1,2.5,0,slicing+P2B,rho=0.0003,2,22.612237,0.63363387,-0.23500557,0.63301012
x0.01_Q400,0.01,400,1e-10,90,15,eta 1..2.5,1,2.5,0,slicing+P2B,rho=0.0001,2,22.996185,0.88293504,0.14894221,0.88246583
x0.01_Q400,0.01,400,1e-10,90,15,eta 1..2.5,1,2.5,0,pure tau1 slicing,tau1=0.1,1,0.93620173,0.00033506731,-0.20779039,0.0005083281
x0.01_Q400,0.01,400,1e-10,90,15,eta 1..2.5,1,2.5,0,pure tau1 slicing,tau1=0.1,2,28.832957,0.046932929,5.9857145,0.035318412
x0.01_Q400,0.01,400,1e-10,90,15,eta 1..2.5,1,2.5,0,pure tau1 slicing,tau1=0.03,1,1.1439845,0.00038226408,-7.616698e-06,0.00054060446
x0.01_Q400,0.01,400,1e-10,90,15,eta 1..2.5,1,2.5,0,pure tau1 slicing,tau1=0.03,2,22.836031,0.04883903,-0.011211708,0.0014067213
x0.01_Q400,0.01,400,1e-10,90,15,eta 1..2.5,1,2.5,0,pure tau1 slicing,tau1=0.01,1,1.1439921,0.00038226608,0,0.00054060587
x0.01_Q400,0.01,400,1e-10,90,15,eta 1..2.5,1,2.5,0,pure tau1 slicing,tau1=0.01,2,22.847242,0.048849877,0,0
x0.01_Q400,0.01,400,1e-10,90,15,eta 1..2.5,1,2.5,0,pure tau1 slicing,tau1=0.003,1,1.1439921,0.00038226608,0,0.00054060587
x0.01_Q400,0.01,400,1e-10,90,15,eta 1..2.5,1,2.5,0,pure tau1 slicing,tau1=0.003,2,22.847242,0.048849877,0,0
x0.01_Q400,0.01,400,1e-10,90,15,eta 1..2.5,1,2.5,0,pure tau1 slicing,tau1=0.001,1,1.1439921,0.00038226608,0,0.00054060587
x0.01_Q400,0.01,400,1e-10,90,15,eta 1..2.5,1,2.5,0,pure tau1 slicing,tau1=0.001,2,22.847242,0.048849877,0,0
x0.01_Q400,0.01,400,1e-10,90,15,eta 1..2.5,1,2.5,0,pure tau1 slicing,tau1=0.0003,1,1.1439921,0.00038226608,0,0.00054060587
x0.01_Q400,0.01,400,1e-10,90,15,eta 1..2.5,1,2.5,0,pure tau1 slicing,tau1=0.0003,2,22.847242,0.048849877,0,0
x0.01_Q400,0.01,400,1e-10,90,15,eta 1..2.5,1,2.5,0,pure tau1 slicing,tau1=0.0001,1,1.1439921,0.00038226608,0,0.00054060587
x0.01_Q400,0.01,400,1e-10,90,15,eta 1..2.5,1,2.5,0,pure tau1 slicing,tau1=0.0001,2,22.847242,0.048849877,0,0
x0.01_Q400,0.01,400,1e-10,90,15,eta 1..2.5,1,2.5,0,pure tau1 slicing,tau1=3e-05,1,1.1439921,0.00038226608,0,0.00054060587
x0.01_Q400,0.01,400,1e-10,90,15,eta 1..2.5,1,2.5,0,pure tau1 slicing,tau1=3e-05,2,22.847242,0.048849877,0,0
x0.01_Q400,0.01,400,1e-10,90,15,eta 1..2.5,1,2.5,0,pure tau1 slicing,tau1=1e-05,1,1.1439921,0.00038226608,0,0.00054060587
x0.01_Q400,0.01,400,1e-10,90,15,eta 1..2.5,1,2.5,0,pure tau1 slicing,tau1=1e-05,2,22.847242,0.048849877,0,0
x0.01_Q400,0.01,400,1e-10,90,16,>=2 jets,,,0,DISENT+P2B,,1,9.1404583,0.0013212495,0,0
x0.01_Q400,0.01,400,1e-10,90,16,>=2 jets,,,0,DISENT+P2B,,2,68.909537,0.17358012,0,0
x0.01_Q400,0.01,400,1e-10,90,16,>=2 jets,,,0,slicing+P2B,tau2=0.01,2,84.952316,0.21292915,16.042779,0.26121463
x0.01_Q400,0.01,400,1e-10,90,16,>=2 jets,,,0,slicing+P2B,tau2=0.001,2,72.071623,0.5974873,3.1620858,0.60645654
x0.01_Q400,0.01,400,1e-10,90,16,>=2 jets,,,0,slicing+P2B,tau2=0.0001,2,68.956282,1.355335,0.046745021,1.3546908
x0.01_Q400,0.01,400,1e-10,90,16,>=2 jets,,,0,slicing+P2B,tau2=1e-05,2,69.916752,2.7754713,1.0072141,2.773229
x0.01_Q400,0.01,400,1e-10,90,16,>=2 jets,,,0,slicing+P2B,rho=0.1,2,79.641399,0.18014625,10.731861,0.23836378
x0.01_Q400,0.01,400,1e-10,90,16,>=2 jets,,,0,slicing+P2B,rho=0.03,2,73.36592,0.32887825,4.456383,0.35603439
x0.01_Q400,0.01,400,1e-10,90,16,>=2 jets,,,0,slicing+P2B,rho=0.01,2,71.109682,0.52634979,2.200145,0.53811231
x0.01_Q400,0.01,400,1e-10,90,16,>=2 jets,,,0,slicing+P2B,rho=0.003,2,69.583795,0.83025539,0.6742575,0.83372415
x0.01_Q400,0.01,400,1e-10,90,16,>=2 jets,,,0,slicing+P2B,rho=0.001,2,67.855182,1.2132743,-1.0543552,1.213149
x0.01_Q400,0.01,400,1e-10,90,16,>=2 jets,,,0,slicing+P2B,rho=0.0003,2,69.028483,1.7940941,0.11894542,1.7923922
x0.01_Q400,0.01,400,1e-10,90,16,>=2 jets,,,0,slicing+P2B,rho=0.0001,2,70.220008,2.5136411,1.310471,2.5114655
x0.01_Q400,0.01,400,1e-10,90,16,>=2 jets,,,0,pure tau1 slicing,tau1=0.1,1,7.3208468,0.0011823445,-1.8196115,0.0017730309
x0.01_Q400,0.01,400,1e-10,90,16,>=2 jets,,,0,pure tau1 slicing,tau1=0.1,2,101.10819,0.15598064,32.19865,0.10850287
x0.01_Q400,0.01,400,1e-10,90,16,>=2 jets,,,0,pure tau1 slicing,tau1=0.03,1,9.0108293,0.0013110631,-0.12962897,0.00186134
x0.01_Q400,0.01,400,1e-10,90,16,>=2 jets,,,0,pure tau1 slicing,tau1=0.03,2,79.112555,0.17733558,10.203018,0.058503341
x0.01_Q400,0.01,400,1e-10,90,16,>=2 jets,,,0,pure tau1 slicing,tau1=0.01,1,9.1404583,0.0013212495,0,0.001868529
x0.01_Q400,0.01,400,1e-10,90,16,>=2 jets,,,0,pure tau1 slicing,tau1=0.01,2,68.909537,0.17358012,0,0
x0.01_Q400,0.01,400,1e-10,90,16,>=2 jets,,,0,pure tau1 slicing,tau1=0.003,1,9.1404583,0.0013212495,0,0.001868529
x0.01_Q400,0.01,400,1e-10,90,16,>=2 jets,,,0,pure tau1 slicing,tau1=0.003,2,68.909537,0.17358012,0,0
x0.01_Q400,0.01,400,1e-10,90,16,>=2 jets,,,0,pure tau1 slicing,tau1=0.001,1,9.1404583,0.0013212495,0,0.001868529
x0.01_Q400,0.01,400,1e-10,90,16,>=2 jets,,,0,pure tau1 slicing,tau1=0.001,2,68.909537,0.17358012,0,0
x0.01_Q400,0.01,400,1e-10,90,16,>=2 jets,,,0,pure tau1 slicing,tau1=0.0003,1,9.1404583,0.0013212495,0,0.001868529
x0.01_Q400,0.01,400,1e-10,90,16,>=2 jets,,,0,pure tau1 slicing,tau1=0.0003,2,68.909537,0.17358012,0,0
x0.01_Q400,0.01,400,1e-10,90,16,>=2 jets,,,0,pure tau1 slicing,tau1=0.0001,1,9.1404583,0.0013212495,0,0.001868529
x0.01_Q400,0.01,400,1e-10,90,16,>=2 jets,,,0,pure tau1 slicing,tau1=0.0001,2,68.909537,0.17358012,0,0
x0.01_Q400,0.01,400,1e-10,90,16,>=2 jets,,,0,pure tau1 slicing,tau1=3e-05,1,9.1404583,0.0013212495,0,0.001868529
x0.01_Q400,0.01,400,1e-10,90,16,>=2 jets,,,0,pure tau1 slicing,tau1=3e-05,2,68.909537,0.17358012,0,0
x0.01_Q400,0.01,400,1e-10,90,16,>=2 jets,,,0,pure tau1 slicing,tau1=1e-05,1,9.1404583,0.0013212495,0,0.001868529
x0.01_Q400,0.01,400,1e-10,90,16,>=2 jets,,,0,pure tau1 slicing,tau1=1e-05,2,68.909537,0.17358012,0,0
x0.01_Q400,0.01,400,1e-6,30,1,total,,,1,DISENT+P2B,,1,-2.4950583,0,0,0
x0.01_Q400,0.01,400,1e-6,30,1,total,,,1,DISENT+P2B,,2,-34.272664,0,0,0
x0.01_Q400,0.01,400,1e-6,30,1,total,,,1,slicing+P2B,tau2=0.01,2,-34.272664,0,0,0
x0.01_Q400,0.01,400,1e-6,30,1,total,,,1,slicing+P2B,tau2=0.001,2,-34.272664,0,0,0
x0.01_Q400,0.01,400,1e-6,30,1,total,,,1,slicing+P2B,tau2=0.0001,2,-34.272664,0,0,0
x0.01_Q400,0.01,400,1e-6,30,1,total,,,1,slicing+P2B,tau2=1e-05,2,-34.272664,0,0,0
x0.01_Q400,0.01,400,1e-6,30,1,total,,,1,slicing+P2B,rho=0.1,2,-34.272664,0,0,0
x0.01_Q400,0.01,400,1e-6,30,1,total,,,1,slicing+P2B,rho=0.03,2,-34.272664,0,0,0
x0.01_Q400,0.01,400,1e-6,30,1,total,,,1,slicing+P2B,rho=0.01,2,-34.272664,0,0,0
x0.01_Q400,0.01,400,1e-6,30,1,total,,,1,slicing+P2B,rho=0.003,2,-34.272664,0,0,0
x0.01_Q400,0.01,400,1e-6,30,1,total,,,1,slicing+P2B,rho=0.001,2,-34.272664,0,0,0
x0.01_Q400,0.01,400,1e-6,30,1,total,,,1,slicing+P2B,rho=0.0003,2,-34.272664,0,0,0
x0.01_Q400,0.01,400,1e-6,30,1,total,,,1,slicing+P2B,rho=0.0001,2,-34.272664,0,0,0
x0.01_Q400,0.01,400,1e-6,30,1,total,,,1,pure tau1 slicing,tau1=0.1,1,-3.6433527,0.0035527266,-1.1482944,0.0035527266
x0.01_Q400,0.01,400,1e-6,30,1,total,,,1,pure tau1 slicing,tau1=0.1,2,-8.140327,0.40677734,26.132337,0.40677734
x0.01_Q400,0.01,400,1e-6,30,1,total,,,1,pure tau1 slicing,tau1=0.03,1,-2.8936792,0.0086304678,-0.39862087,0.0086304678
x0.01_Q400,0.01,400,1e-6,30,1,total,,,1,pure tau1 slicing,tau1=0.03,2,-2.108908,1.2775953,32.163756,1.2775953
x0.01_Q400,0.01,400,1e-6,30,1,total,,,1,pure tau1 slicing,tau1=0.01,1,-2.651293,0.018505015,-0.15623468,0.018505015
x0.01_Q400,0.01,400,1e-6,30,1,total,,,1,pure tau1 slicing,tau1=0.01,2,-6.7423139,3.4967815,27.53035,3.4967815
x0.01_Q400,0.01,400,1e-6,30,1,total,,,1,pure tau1 slicing,tau1=0.003,1,-2.5330121,0.039602342,-0.037953755,0.039602342
x0.01_Q400,0.01,400,1e-6,30,1,total,,,1,pure tau1 slicing,tau1=0.003,2,-27.45125,8.6703771,6.8214139,8.6703771
x0.01_Q400,0.01,400,1e-6,30,1,total,,,1,pure tau1 slicing,tau1=0.001,1,-2.5158184,0.074936031,-0.020760131,0.074936031
x0.01_Q400,0.01,400,1e-6,30,1,total,,,1,pure tau1 slicing,tau1=0.001,2,-50.039132,20.125533,-15.766468,20.125533
x0.01_Q400,0.01,400,1e-6,30,1,total,,,1,pure tau1 slicing,tau1=0.0003,1,-2.5013519,0.1451919,-0.006293639,0.1451919
x0.01_Q400,0.01,400,1e-6,30,1,total,,,1,pure tau1 slicing,tau1=0.0003,2,219.01594,49.38315,253.2886,49.38315
x0.01_Q400,0.01,400,1e-6,30,1,total,,,1,pure tau1 slicing,tau1=0.0001,1,-2.7759967,0.2594611,-0.28093842,0.2594611
x0.01_Q400,0.01,400,1e-6,30,1,total,,,1,pure tau1 slicing,tau1=0.0001,2,768.76944,106.95525,803.04211,106.95525
x0.01_Q400,0.01,400,1e-6,30,1,total,,,1,pure tau1 slicing,tau1=3e-05,1,-2.4552658,0.48902681,0.039792459,0.48902681
x0.01_Q400,0.01,400,1e-6,30,1,total,,,1,pure tau1 slicing,tau1=3e-05,2,2506.8208,210.41317,2541.0935,210.41317
x0.01_Q400,0.01,400,1e-6,30,1,total,,,1,pure tau1 slicing,tau1=1e-05,1,-2.5019967,0.8498551,-0.0069384479,0.8498551
x0.01_Q400,0.01,400,1e-6,30,1,total,,,1,pure tau1 slicing,tau1=1e-05,2,5274.8292,390.83644,5309.1019,390.83644
x0.01_Q400,0.01,400,1e-6,30,2,>=1 jet,,,1,DISENT+P2B,,1,-2.5308952,8.9417075e-05,0,0
x0.01_Q400,0.01,400,1e-6,30,2,>=1 jet,,,1,DISENT+P2B,,2,-34.769598,0.014950813,0,0
x0.01_Q400,0.01,400,1e-6,30,2,>=1 jet,,,1,slicing+P2B,tau2=0.01,2,-34.680665,0.021592629,0.08893264,0.023087941
x0.01_Q400,0.01,400,1e-6,30,2,>=1 jet,,,1,slicing+P2B,tau2=0.001,2,-34.850934,0.054222763,-0.081336768,0.053827654
x0.01_Q400,0.01,400,1e-6,30,2,>=1 jet,,,1,slicing+P2B,tau2=0.0001,2,-34.969916,0.11647162,-0.20031867,0.11609796
x0.01_Q400,0.01,400,1e-6,30,2,>=1 jet,,,1,slicing+P2B,tau2=1e-05,2,-33.698356,0.22479287,1.0712413,0.22452309
x0.01_Q400,0.01,400,1e-6,30,2,>=1 jet,,,1,slicing+P2B,rho=0.1,2,-34.687178,0.036188095,0.082419447,0.036383313
x0.01_Q400,0.01,400,1e-6,30,2,>=1 jet,,,1,slicing+P2B,rho=0.03,2,-34.844871,0.057908848,-0.075272861,0.057517984
x0.01_Q400,0.01,400,1e-6,30,2,>=1 jet,,,1,slicing+P2B,rho=0.01,2,-34.899842,0.084118698,-0.13024463,0.083734371
x0.01_Q400,0.01,400,1e-6,30,2,>=1 jet,,,1,slicing+P2B,rho=0.003,2,-34.908328,0.12208921,-0.13872994,0.12173478
x0.01_Q400,0.01,400,1e-6,30,2,>=1 jet,,,1,slicing+P2B,rho=0.001,2,-34.445685,0.16654313,0.32391304,0.16627187
x0.01_Q400,0.01,400,1e-6,30,2,>=1 jet,,,1,slicing+P2B,rho=0.0003,2,-32.725888,0.22267803,2.0437097,0.22242598
x0.01_Q400,0.01,400,1e-6,30,2,>=1 jet,,,1,slicing+P2B,rho=0.0001,2,-28.021179,0.23684818,6.7484182,0.23668277
x0.01_Q400,0.01,400,1e-6,30,2,>=1 jet,,,1,pure tau1 slicing,tau1=0.1,1,-3.6433527,0.0035527266,-1.1124574,0.0035538517
x0.01_Q400,0.01,400,1e-6,30,2,>=1 jet,,,1,pure tau1 slicing,tau1=0.1,2,-8.515255,0.40677379,26.254343,0.40701754
x0.01_Q400,0.01,400,1e-6,30,2,>=1 jet,,,1,pure tau1 slicing,tau1=0.03,1,-2.9115912,0.0086313581,-0.38069596,0.0086318213
x0.01_Q400,0.01,400,1e-6,30,2,>=1 jet,,,1,pure tau1 slicing,tau1=0.03,2,-3.5899202,1.2775443,31.179677,1.2775288
x0.01_Q400,0.01,400,1e-6,30,2,>=1 jet,,,1,pure tau1 slicing,tau1=0.01,1,-2.6859189,0.01850651,-0.15502365,0.018506726
x0.01_Q400,0.01,400,1e-6,30,2,>=1 jet,,,1,pure tau1 slicing,tau1=0.01,2,-7.3571639,3.4968153,27.412434,3.4967801
x0.01_Q400,0.01,400,1e-6,30,2,>=1 jet,,,1,pure tau1 slicing,tau1=0.003,1,-2.5688451,0.03960355,-0.037949887,0.039603651
x0.01_Q400,0.01,400,1e-6,30,2,>=1 jet,,,1,pure tau1 slicing,tau1=0.003,2,-27.948819,8.6703913,6.8207783,8.6703771
x0.01_Q400,0.01,400,1e-6,30,2,>=1 jet,,,1,pure tau1 slicing,tau1=0.001,1,-2.5516554,0.074936956,-0.020760131,0.074937009
x0.01_Q400,0.01,400,1e-6,30,2,>=1 jet,,,1,pure tau1 slicing,tau1=0.001,2,-50.536065,20.125539,-15.766468,20.125533
x0.01_Q400,0.01,400,1e-6,30,2,>=1 jet,,,1,pure tau1 slicing,tau1=0.0003,1,-2.5371889,0.14519257,-0.006293639,0.1451926
x0.01_Q400,0.01,400,1e-6,30,2,>=1 jet,,,1,pure tau1 slicing,tau1=0.0003,2,218.519,49.383152,253.2886,49.38315
x0.01_Q400,0.01,400,1e-6,30,2,>=1 jet,,,1,pure tau1 slicing,tau1=0.0001,1,-2.8118337,0.25946159,-0.28093842,0.2594616
x0.01_Q400,0.01,400,1e-6,30,2,>=1 jet,,,1,pure tau1 slicing,tau1=0.0001,2,768.27251,106.95525,803.04211,106.95525
x0.01_Q400,0.01,400,1e-6,30,2,>=1 jet,,,1,pure tau1 slicing,tau1=3e-05,1,-2.4911028,0.48902715,0.039792459,0.48902716
x0.01_Q400,0.01,400,1e-6,30,2,>=1 jet,,,1,pure tau1 slicing,tau1=3e-05,2,2506.3239,210.41317,2541.0935,210.41317
x0.01_Q400,0.01,400,1e-6,30,2,>=1 jet,,,1,pure tau1 slicing,tau1=1e-05,1,-2.5378337,0.84985534,-0.0069384479,0.84985534
x0.01_Q400,0.01,400,1e-6,30,2,>=1 jet,,,1,pure tau1 slicing,tau1=1e-05,2,5274.3323,390.83644,5309.1019,390.83644
x0.01_Q400,0.01,400,1e-6,30,3,pt 5-10,5,10,0,DISENT+P2B,,1,1.5229756,0.0011802255,0,0
x0.01_Q400,0.01,400,1e-6,30,3,pt 5-10,5,10,0,DISENT+P2B,,2,19.778362,0.15359616,0,0
x0.01_Q400,0.01,400,1e-6,30,3,pt 5-10,5,10,0,slicing+P2B,tau2=0.01,2,19.597764,0.15929673,-0.18059791,0.19615525
x0.01_Q400,0.01,400,1e-6,30,3,pt 5-10,5,10,0,slicing+P2B,tau2=0.001,2,19.672908,0.4450514,-0.10545392,0.44462092
x0.01_Q400,0.01,400,1e-6,30,3,pt 5-10,5,10,0,slicing+P2B,tau2=0.0001,2,17.569933,1.0056776,-2.2084295,1.0005252
x0.01_Q400,0.01,400,1e-6,30,3,pt 5-10,5,10,0,slicing+P2B,tau2=1e-05,2,17.216301,2.0747482,-2.5620612,2.0701773
x0.01_Q400,0.01,400,1e-6,30,3,pt 5-10,5,10,0,slicing+P2B,rho=0.1,2,18.858459,0.15401837,-0.91990316,0.19765863
x0.01_Q400,0.01,400,1e-6,30,3,pt 5-10,5,10,0,slicing+P2B,rho=0.03,2,19.213739,0.27198215,-0.56462277,0.28725964
x0.01_Q400,0.01,400,1e-6,30,3,pt 5-10,5,10,0,slicing+P2B,rho=0.01,2,18.951203,0.42722197,-0.82715949,0.43012743
x0.01_Q400,0.01,400,1e-6,30,3,pt 5-10,5,10,0,slicing+P2B,rho=0.003,2,18.95611,0.67114643,-0.82225273,0.66779623
x0.01_Q400,0.01,400,1e-6,30,3,pt 5-10,5,10,0,slicing+P2B,rho=0.001,2,16.723155,0.96824152,-3.055207,0.96380853
x0.01_Q400,0.01,400,1e-6,30,3,pt 5-10,5,10,0,slicing+P2B,rho=0.0003,2,14.513578,1.4227759,-5.2647847,1.41842
x0.01_Q400,0.01,400,1e-6,30,3,pt 5-10,5,10,0,slicing+P2B,rho=0.0001,2,6.2755346,1.9508948,-13.502828,1.9466456
x0.01_Q400,0.01,400,1e-6,30,3,pt 5-10,5,10,0,pure tau1 slicing,tau1=0.1,1,1.1649567,0.0010490951,-0.35801887,0.0015790924
x0.01_Q400,0.01,400,1e-6,30,3,pt 5-10,5,10,0,pure tau1 slicing,tau1=0.1,2,22.496411,0.14695648,2.7180487,0.077560601
x0.01_Q400,0.01,400,1e-6,30,3,pt 5-10,5,10,0,pure tau1 slicing,tau1=0.03,1,1.468171,0.0011680612,-0.054804608,0.0016605117
x0.01_Q400,0.01,400,1e-6,30,3,pt 5-10,5,10,0,pure tau1 slicing,tau1=0.03,2,21.817535,0.15355695,2.0391727,0.043170307
x0.01_Q400,0.01,400,1e-6,30,3,pt 5-10,5,10,0,pure tau1 slicing,tau1=0.01,1,1.5167815,0.0011797249,-0.0061940785,0.0016687369
x0.01_Q400,0.01,400,1e-6,30,3,pt 5-10,5,10,0,pure tau1 slicing,tau1=0.01,2,20.274854,0.15412999,0.49649202,0.014494322
x0.01_Q400,0.01,400,1e-6,30,3,pt 5-10,5,10,0,pure tau1 slicing,tau1=0.003,1,1.5228047,0.0011802253,-0.00017082605,0.0016690908
x0.01_Q400,0.01,400,1e-6,30,3,pt 5-10,5,10,0,pure tau1 slicing,tau1=0.003,2,19.803545,0.15360055,0.025183069,0.0015102554
x0.01_Q400,0.01,400,1e-6,30,3,pt 5-10,5,10,0,pure tau1 slicing,tau1=0.001,1,1.5229756,0.0011802255,-6.7550883e-09,0.0016690909
x0.01_Q400,0.01,400,1e-6,30,3,pt 5-10,5,10,0,pure tau1 slicing,tau1=0.001,2,19.778365,0.15359616,2.8189801e-06,1.0367032e-06
x0.01_Q400,0.01,400,1e-6,30,3,pt 5-10,5,10,0,pure tau1 slicing,tau1=0.0003,1,1.5229756,0.0011802255,0,0.0016690909
x0.01_Q400,0.01,400,1e-6,30,3,pt 5-10,5,10,0,pure tau1 slicing,tau1=0.0003,2,19.778362,0.15359616,0,0
x0.01_Q400,0.01,400,1e-6,30,3,pt 5-10,5,10,0,pure tau1 slicing,tau1=0.0001,1,1.5229756,0.0011802255,0,0.0016690909
x0.01_Q400,0.01,400,1e-6,30,3,pt 5-10,5,10,0,pure tau1 slicing,tau1=0.0001,2,19.778362,0.15359616,0,0
x0.01_Q400,0.01,400,1e-6,30,3,pt 5-10,5,10,0,pure tau1 slicing,tau1=3e-05,1,1.5229756,0.0011802255,0,0.0016690909
x0.01_Q400,0.01,400,1e-6,30,3,pt 5-10,5,10,0,pure tau1 slicing,tau1=3e-05,2,19.778362,0.15359616,0,0
x0.01_Q400,0.01,400,1e-6,30,3,pt 5-10,5,10,0,pure tau1 slicing,tau1=1e-05,1,1.5229756,0.0011802255,0,0.0016690909
x0.01_Q400,0.01,400,1e-6,30,3,pt 5-10,5,10,0,pure tau1 slicing,tau1=1e-05,2,19.778362,0.15359616,0,0
x0.01_Q400,0.01,400,1e-6,30,4,pt 10-14,10,14,0,DISENT+P2B,,1,9.0621579,0.0040149097,0,0
x0.01_Q400,0.01,400,1e-6,30,4,pt 10-14,10,14,0,DISENT+P2B,,2,35.824136,0.53241648,0,0
x0.01_Q400,0.01,400,1e-6,30,4,pt 10-14,10,14,0,slicing+P2B,tau2=0.01,2,28.88461,0.35783394,-6.939526,0.61203572
x0.01_Q400,0.01,400,1e-6,30,4,pt 10-14,10,14,0,slicing+P2B,tau2=0.001,2,40.177067,1.1424619,4.3529309,1.1906842
x0.01_Q400,0.01,400,1e-6,30,4,pt 10-14,10,14,0,slicing+P2B,tau2=0.0001,2,37.277591,2.6741305,1.4534553,2.6708329
x0.01_Q400,0.01,400,1e-6,30,4,pt 10-14,10,14,0,slicing+P2B,tau2=1e-05,2,28.024953,5.5662494,-7.7991835,5.5564654
x0.01_Q400,0.01,400,1e-6,30,4,pt 10-14,10,14,0,slicing+P2B,rho=0.1,2,33.785558,0.69852277,-2.0385779,0.83644811
x0.01_Q400,0.01,400,1e-6,30,4,pt 10-14,10,14,0,slicing+P2B,rho=0.03,2,40.663843,1.1518073,4.8397072,1.212418
x0.01_Q400,0.01,400,1e-6,30,4,pt 10-14,10,14,0,slicing+P2B,rho=0.01,2,37.444713,1.7505093,1.6205768,1.7733555
x0.01_Q400,0.01,400,1e-6,30,4,pt 10-14,10,14,0,slicing+P2B,rho=0.003,2,25.739887,2.5995084,-10.08425,2.6026748
x0.01_Q400,0.01,400,1e-6,30,4,pt 10-14,10,14,0,slicing+P2B,rho=0.001,2,5.4399719,3.6380879,-30.384164,3.6339968
x0.01_Q400,0.01,400,1e-6,30,4,pt 10-14,10,14,0,slicing+P2B,rho=0.0003,2,-54.436119,5.0591694,-90.260255,5.0523054
x0.01_Q400,0.01,400,1e-6,30,4,pt 10-14,10,14,0,slicing+P2B,rho=0.0001,2,-174.02246,6.5513241,-209.84659,6.5442457
x0.01_Q400,0.01,400,1e-6,30,4,pt 10-14,10,14,0,pure tau1 slicing,tau1=0.1,1,4.4177395,0.0021254724,-4.6444184,0.0045428112
x0.01_Q400,0.01,400,1e-6,30,4,pt 10-14,10,14,0,pure tau1 slicing,tau1=0.1,2,58.088113,0.32505019,22.263976,0.47054318
x0.01_Q400,0.01,400,1e-6,30,4,pt 10-14,10,14,0,pure tau1 slicing,tau1=0.03,1,7.2494704,0.0034218038,-1.8126875,0.005275248
x0.01_Q400,0.01,400,1e-6,30,4,pt 10-14,10,14,0,pure tau1 slicing,tau1=0.03,2,76.813088,0.52408858,40.988952,0.29677829
x0.01_Q400,0.01,400,1e-6,30,4,pt 10-14,10,14,0,pure tau1 slicing,tau1=0.01,1,8.4802641,0.0038623698,-0.58189384,0.005571122
x0.01_Q400,0.01,400,1e-6,30,4,pt 10-14,10,14,0,pure tau1 slicing,tau1=0.01,2,65.167073,0.56354892,29.342937,0.2635137
x0.01_Q400,0.01,400,1e-6,30,4,pt 10-14,10,14,0,pure tau1 slicing,tau1=0.003,1,8.9476997,0.0039939283,-0.11445819,0.0056631231
x0.01_Q400,0.01,400,1e-6,30,4,pt 10-14,10,14,0,pure tau1 slicing,tau1=0.003,2,46.622135,0.55859506,10.797999,0.18929725
x0.01_Q400,0.01,400,1e-6,30,4,pt 10-14,10,14,0,pure tau1 slicing,tau1=0.001,1,9.0473711,0.0040137698,-0.014786813,0.0056771338
x0.01_Q400,0.01,400,1e-6,30,4,pt 10-14,10,14,0,pure tau1 slicing,tau1=0.001,2,37.984805,0.53699345,2.1606692,0.073086378
x0.01_Q400,0.01,400,1e-6,30,4,pt 10-14,10,14,0,pure tau1 slicing,tau1=0.0003,1,9.0616182,0.0040149113,-0.00053973838,0.0056779409
x0.01_Q400,0.01,400,1e-6,30,4,pt 10-14,10,14,0,pure tau1 slicing,tau1=0.0003,2,35.946577,0.5325488,0.1224408,0.011667786
x0.01_Q400,0.01,400,1e-6,30,4,pt 10-14,10,14,0,pure tau1 slicing,tau1=0.0001,1,9.0621575,0.0040149097,-3.8737685e-07,0.0056779398
x0.01_Q400,0.01,400,1e-6,30,4,pt 10-14,10,14,0,pure tau1 slicing,tau1=0.0001,2,35.824187,0.53241649,5.0484985e-05,2.4543182e-05
x0.01_Q400,0.01,400,1e-6,30,4,pt 10-14,10,14,0,pure tau1 slicing,tau1=3e-05,1,9.0621579,0.0040149097,0,0.0056779398
x0.01_Q400,0.01,400,1e-6,30,4,pt 10-14,10,14,0,pure tau1 slicing,tau1=3e-05,2,35.824136,0.53241648,0,0
x0.01_Q400,0.01,400,1e-6,30,4,pt 10-14,10,14,0,pure tau1 slicing,tau1=1e-05,1,9.0621579,0.0040149097,0,0.0056779398
x0.01_Q400,0.01,400,1e-6,30,4,pt 10-14,10,14,0,pure tau1 slicing,tau1=1e-05,2,35.824136,0.53241648,0,0
x0.01_Q400,0.01,400,1e-6,30,5,pt 14-15,14,15,0,DISENT+P2B,,1,9.4816823,0.0083126606,0,0
x0.01_Q400,0.01,400,1e-6,30,5,pt 14-15,14,15,0,DISENT+P2B,,2,-10.289138,1.4369156,0,0
x0.01_Q400,0.01,400,1e-6,30,5,pt 14-15,14,15,0,slicing+P2B,tau2=0.01,2,-58.707978,0.30651629,-48.41884,1.4464906
x0.01_Q400,0.01,400,1e-6,30,5,pt 14-15,14,15,0,slicing+P2B,tau2=0.001,2,-45.699338,1.3546275,-35.4102,1.8416025
x0.01_Q400,0.01,400,1e-6,30,5,pt 14-15,14,15,0,slicing+P2B,tau2=0.0001,2,-6.1664177,3.5032321,4.1227201,3.5934125
x0.01_Q400,0.01,400,1e-6,30,5,pt 14-15,14,15,0,slicing+P2B,tau2=1e-05,2,-13.121317,7.494139,-2.8321794,7.4860033
x0.01_Q400,0.01,400,1e-6,30,5,pt 14-15,14,15,0,slicing+P2B,rho=0.1,2,-78.497115,2.0405484,-68.207978,2.4101901
x0.01_Q400,0.01,400,1e-6,30,5,pt 14-15,14,15,0,slicing+P2B,rho=0.03,2,-35.825205,3.0486411,-25.536067,3.2414979
x0.01_Q400,0.01,400,1e-6,30,5,pt 14-15,14,15,0,slicing+P2B,rho=0.01,2,-27.853904,4.3413397,-17.564767,4.4313211
x0.01_Q400,0.01,400,1e-6,30,5,pt 14-15,14,15,0,slicing+P2B,rho=0.003,2,-64.908893,5.9872911,-54.619755,6.0231521
x0.01_Q400,0.01,400,1e-6,30,5,pt 14-15,14,15,0,slicing+P2B,rho=0.001,2,-160.90075,7.7841982,-150.61162,7.793902
x0.01_Q400,0.01,400,1e-6,30,5,pt 14-15,14,15,0,slicing+P2B,rho=0.0003,2,-345.27864,10.155201,-334.98951,10.147661
x0.01_Q400,0.01,400,1e-6,30,5,pt 14-15,14,15,0,slicing+P2B,rho=0.0001,2,-694.25306,12.328609,-683.96393,12.315432
x0.01_Q400,0.01,400,1e-6,30,5,pt 14-15,14,15,0,pure tau1 slicing,tau1=0.1,1,1.3759045,0.0013845106,-8.1057777,0.0084271701
x0.01_Q400,0.01,400,1e-6,30,5,pt 14-15,14,15,0,pure tau1 slicing,tau1=0.1,2,40.59947,0.26693542,50.888608,1.4303524
x0.01_Q400,0.01,400,1e-6,30,5,pt 14-15,14,15,0,pure tau1 slicing,tau1=0.03,1,3.5170387,0.0036122416,-5.9646435,0.0090635873
x0.01_Q400,0.01,400,1e-6,30,5,pt 14-15,14,15,0,pure tau1 slicing,tau1=0.03,2,110.46422,0.89261597,120.75336,1.1955486
x0.01_Q400,0.01,400,1e-6,30,5,pt 14-15,14,15,0,pure tau1 slicing,tau1=0.01,1,6.2885734,0.0064556604,-3.1931088,0.010525012
x0.01_Q400,0.01,400,1e-6,30,5,pt 14-15,14,15,0,pure tau1 slicing,tau1=0.01,2,120.56184,1.4098595,130.85098,0.82647748
x0.01_Q400,0.01,400,1e-6,30,5,pt 14-15,14,15,0,pure tau1 slicing,tau1=0.003,1,8.223312,0.0077424247,-1.2583702,0.011359818
x0.01_Q400,0.01,400,1e-6,30,5,pt 14-15,14,15,0,pure tau1 slicing,tau1=0.003,2,84.528731,1.5573559,94.817869,0.81986906
x0.01_Q400,0.01,400,1e-6,30,5,pt 14-15,14,15,0,pure tau1 slicing,tau1=0.001,1,9.0667656,0.0081588577,-0.41491664,0.01164763
x0.01_Q400,0.01,400,1e-6,30,5,pt 14-15,14,15,0,pure tau1 slicing,tau1=0.001,2,38.140676,1.5595255,48.429814,0.69838662
x0.01_Q400,0.01,400,1e-6,30,5,pt 14-15,14,15,0,pure tau1 slicing,tau1=0.0003,1,9.4054712,0.0082939854,-0.07621105,0.011742679
x0.01_Q400,0.01,400,1e-6,30,5,pt 14-15,14,15,0,pure tau1 slicing,tau1=0.0003,2,2.9292136,1.4977066,13.218351,0.44372332
x0.01_Q400,0.01,400,1e-6,30,5,pt 14-15,14,15,0,pure tau1 slicing,tau1=0.0001,1,9.473098,0.0083117516,-0.0085842999,0.011755235
x0.01_Q400,0.01,400,1e-6,30,5,pt 14-15,14,15,0,pure tau1 slicing,tau1=0.0001,2,-8.4366603,1.4422712,1.8524774,0.1251377
x0.01_Q400,0.01,400,1e-6,30,5,pt 14-15,14,15,0,pure tau1 slicing,tau1=3e-05,1,9.481463,0.0083126578,-0.00021926507,0.011755875
x0.01_Q400,0.01,400,1e-6,30,5,pt 14-15,14,15,0,pure tau1 slicing,tau1=3e-05,2,-10.246434,1.4369373,0.042703349,0.0073846937
x0.01_Q400,0.01,400,1e-6,30,5,pt 14-15,14,15,0,pure tau1 slicing,tau1=1e-05,1,9.4816823,0.0083126606,-2.8597427e-09,0.011755877
x0.01_Q400,0.01,400,1e-6,30,5,pt 14-15,14,15,0,pure tau1 slicing,tau1=1e-05,2,-10.289135,1.4369156,2.6771641e-06,9.9661923e-07
x0.01_Q400,0.01,400,1e-6,30,6,pt 15-16,15,16,1,DISENT+P2B,,1,-38.008786,0.011516069,0,0
x0.01_Q400,0.01,400,1e-6,30,6,pt 15-16,15,16,1,DISENT+P2B,,2,-123.34735,1.655362,0,0
x0.01_Q400,0.01,400,1e-6,30,6,pt 15-16,15,16,1,slicing+P2B,tau2=0.01,2,-4.070942,0.64964408,119.27641,1.763356
x0.01_Q400,0.01,400,1e-6,30,6,pt 15-16,15,16,1,slicing+P2B,tau2=0.001,2,-36.504918,2.4310042,86.842437,2.8409675
x0.01_Q400,0.01,400,1e-6,30,6,pt 15-16,15,16,1,slicing+P2B,tau2=0.0001,2,-126.34605,6.1492712,-2.9987003,6.2177675
x0.01_Q400,0.01,400,1e-6,30,6,pt 15-16,15,16,1,slicing+P2B,tau2=1e-05,2,-85.812857,13.017505,37.534497,13.005359
x0.01_Q400,0.01,400,1e-6,30,6,pt 15-16,15,16,1,slicing+P2B,rho=0.1,2,37.418672,3.3280785,160.76603,3.6361998
x0.01_Q400,0.01,400,1e-6,30,6,pt 15-16,15,16,1,slicing+P2B,rho=0.03,2,-62.379209,4.937651,60.968146,5.0905975
x0.01_Q400,0.01,400,1e-6,30,6,pt 15-16,15,16,1,slicing+P2B,rho=0.01,2,-66.273378,6.9319617,57.073976,7.0006952
x0.01_Q400,0.01,400,1e-6,30,6,pt 15-16,15,16,1,slicing+P2B,rho=0.003,2,39.242111,9.6219114,162.58947,9.646132
x0.01_Q400,0.01,400,1e-6,30,6,pt 15-16,15,16,1,slicing+P2B,rho=0.001,2,293.23932,12.541747,416.58668,12.54539
x0.01_Q400,0.01,400,1e-6,30,6,pt 15-16,15,16,1,slicing+P2B,rho=0.0003,2,880.25113,16.131431,1003.5985,16.123478
x0.01_Q400,0.01,400,1e-6,30,6,pt 15-16,15,16,1,slicing+P2B,rho=0.0001,2,1943.0321,19.402525,2066.3795,19.391443
x0.01_Q400,0.01,400,1e-6,30,6,pt 15-16,15,16,1,pure tau1 slicing,tau1=0.1,1,-15.430238,0.0019616159,22.578548,0.011681943
x0.01_Q400,0.01,400,1e-6,30,6,pt 15-16,15,16,1,pure tau1 slicing,tau1=0.1,2,-236.25035,0.41676907,-112.90299,1.6524604
x0.01_Q400,0.01,400,1e-6,30,6,pt 15-16,15,16,1,pure tau1 slicing,tau1=0.03,1,-23.463943,0.0069221862,14.544843,0.013436387
x0.01_Q400,0.01,400,1e-6,30,6,pt 15-16,15,16,1,pure tau1 slicing,tau1=0.03,2,-404.2742,1.4884024,-280.92684,1.8135559
x0.01_Q400,0.01,400,1e-6,30,6,pt 15-16,15,16,1,pure tau1 slicing,tau1=0.01,1,-30.21954,0.017020191,7.7892457,0.020550104
x0.01_Q400,0.01,400,1e-6,30,6,pt 15-16,15,16,1,pure tau1 slicing,tau1=0.01,2,-431.79484,3.6667056,-308.44748,3.5237064
x0.01_Q400,0.01,400,1e-6,30,6,pt 15-16,15,16,1,pure tau1 slicing,tau1=0.003,1,-34.840129,0.038934366,3.1686567,0.040601782
x0.01_Q400,0.01,400,1e-6,30,6,pt 15-16,15,16,1,pure tau1 slicing,tau1=0.003,2,-359.52165,8.7215556,-236.17429,8.6247565
x0.01_Q400,0.01,400,1e-6,30,6,pt 15-16,15,16,1,pure tau1 slicing,tau1=0.001,1,-36.931498,0.074770789,1.0772878,0.075652434
x0.01_Q400,0.01,400,1e-6,30,6,pt 15-16,15,16,1,pure tau1 slicing,tau1=0.001,2,-267.43341,20.148277,-144.08605,20.096184
x0.01_Q400,0.01,400,1e-6,30,6,pt 15-16,15,16,1,pure tau1 slicing,tau1=0.0003,1,-37.786368,0.14528202,0.22241733,0.14573773
x0.01_Q400,0.01,400,1e-6,30,6,pt 15-16,15,16,1,pure tau1 slicing,tau1=0.0003,2,91.08092,49.402455,214.42827,49.377465
x0.01_Q400,0.01,400,1e-6,30,6,pt 15-16,15,16,1,pure tau1 slicing,tau1=0.0001,1,-38.258256,0.2596228,-0.24946979,0.25987808
x0.01_Q400,0.01,400,1e-6,30,6,pt 15-16,15,16,1,pure tau1 slicing,tau1=0.0001,2,672.87222,106.96686,796.21957,106.95485
x0.01_Q400,0.01,400,1e-6,30,6,pt 15-16,15,16,1,pure tau1 slicing,tau1=3e-05,1,-37.967636,0.48918749,0.041149537,0.48932303
x0.01_Q400,0.01,400,1e-6,30,6,pt 15-16,15,16,1,pure tau1 slicing,tau1=3e-05,2,2417.3634,210.41936,2540.7107,210.41317
x0.01_Q400,0.01,400,1e-6,30,6,pt 15-16,15,16,1,pure tau1 slicing,tau1=1e-05,1,-38.015721,0.84999131,-0.0069350303,0.85006932
x0.01_Q400,0.01,400,1e-6,30,6,pt 15-16,15,16,1,pure tau1 slicing,tau1=1e-05,2,5185.754,390.83967,5309.1013,390.83644
x0.01_Q400,0.01,400,1e-6,30,7,pt 16-17,16,17,0,DISENT+P2B,,1,8.259005,0.0073334187,0,0
x0.01_Q400,0.01,400,1e-6,30,7,pt 16-17,16,17,0,DISENT+P2B,,2,-17.214369,0.85033572,0,0
x0.01_Q400,0.01,400,1e-6,30,7,pt 16-17,16,17,0,slicing+P2B,tau2=0.01,2,-57.009496,0.30412972,-39.795126,0.8892563
x0.01_Q400,0.01,400,1e-6,30,7,pt 16-17,16,17,0,slicing+P2B,tau2=0.001,2,-70.161769,1.3242219,-52.947399,1.5117961
x0.01_Q400,0.01,400,1e-6,30,7,pt 16-17,16,17,0,slicing+P2B,tau2=0.0001,2,-17.088108,3.5223173,0.12626173,3.5424203
x0.01_Q400,0.01,400,1e-6,30,7,pt 16-17,16,17,0,slicing+P2B,tau2=1e-05,2,-18.903637,7.4335294,-1.6892673,7.4210898
x0.01_Q400,0.01,400,1e-6,30,7,pt 16-17,16,17,0,slicing+P2B,rho=0.1,2,-88.87442,2.4600022,-71.660051,2.5504088
x0.01_Q400,0.01,400,1e-6,30,7,pt 16-17,16,17,0,slicing+P2B,rho=0.03,2,-52.336711,3.5708941,-35.122341,3.6041021
x0.01_Q400,0.01,400,1e-6,30,7,pt 16-17,16,17,0,slicing+P2B,rho=0.01,2,-55.143396,4.8819666,-37.929027,4.8896807
x0.01_Q400,0.01,400,1e-6,30,7,pt 16-17,16,17,0,slicing+P2B,rho=0.003,2,-100.68517,6.6844712,-83.470801,6.6816103
x0.01_Q400,0.01,400,1e-6,30,7,pt 16-17,16,17,0,slicing+P2B,rho=0.001,2,-213.19183,8.531599,-195.97746,8.5251001
x0.01_Q400,0.01,400,1e-6,30,7,pt 16-17,16,17,0,slicing+P2B,rho=0.0003,2,-473.4174,10.54724,-456.20303,10.541739
x0.01_Q400,0.01,400,1e-6,30,7,pt 16-17,16,17,0,slicing+P2B,rho=0.0001,2,-902.38175,12.153069,-885.16738,12.149435
x0.01_Q400,0.01,400,1e-6,30,7,pt 16-17,16,17,0,pure tau1 slicing,tau1=0.1,1,1.1803672,0.001308114,-7.0786378,0.0074491739
x0.01_Q400,0.01,400,1e-6,30,7,pt 16-17,16,17,0,pure tau1 slicing,tau1=0.1,2,34.301699,0.21080496,51.516069,0.83216805
x0.01_Q400,0.01,400,1e-6,30,7,pt 16-17,16,17,0,pure tau1 slicing,tau1=0.03,1,2.7916564,0.0029347144,-5.4673486,0.007898834
x0.01_Q400,0.01,400,1e-6,30,7,pt 16-17,16,17,0,pure tau1 slicing,tau1=0.03,2,96.345686,0.42008358,113.56006,0.82482236
x0.01_Q400,0.01,400,1e-6,30,7,pt 16-17,16,17,0,pure tau1 slicing,tau1=0.01,1,4.7033188,0.0047224389,-3.5556863,0.0087224113
x0.01_Q400,0.01,400,1e-6,30,7,pt 16-17,16,17,0,pure tau1 slicing,tau1=0.01,2,129.62862,0.72989259,146.84299,0.88322357
x0.01_Q400,0.01,400,1e-6,30,7,pt 16-17,16,17,0,pure tau1 slicing,tau1=0.003,1,6.5634619,0.0062546452,-1.6955432,0.0096384446
x0.01_Q400,0.01,400,1e-6,30,7,pt 16-17,16,17,0,pure tau1 slicing,tau1=0.003,2,107.71637,1.0383551,124.93074,0.97501844
x0.01_Q400,0.01,400,1e-6,30,7,pt 16-17,16,17,0,pure tau1 slicing,tau1=0.001,1,7.6113107,0.0069858264,-0.64769438,0.010128218
x0.01_Q400,0.01,400,1e-6,30,7,pt 16-17,16,17,0,pure tau1 slicing,tau1=0.001,2,57.753755,1.2159776,74.968125,1.0218303
x0.01_Q400,0.01,400,1e-6,30,7,pt 16-17,16,17,0,pure tau1 slicing,tau1=0.0003,1,8.1079527,0.0072719312,-0.15105235,0.010327633
x0.01_Q400,0.01,400,1e-6,30,7,pt 16-17,16,17,0,pure tau1 slicing,tau1=0.0003,2,8.124304,1.0509678,25.338673,0.66019664
x0.01_Q400,0.01,400,1e-6,30,7,pt 16-17,16,17,0,pure tau1 slicing,tau1=0.0001,1,8.2361234,0.0073283273,-0.022881618,0.010367421
x0.01_Q400,0.01,400,1e-6,30,7,pt 16-17,16,17,0,pure tau1 slicing,tau1=0.0001,2,-12.244898,0.89666466,4.9694711,0.2911928
x0.01_Q400,0.01,400,1e-6,30,7,pt 16-17,16,17,0,pure tau1 slicing,tau1=3e-05,1,8.2578672,0.0073333424,-0.001137813,0.010370966
x0.01_Q400,0.01,400,1e-6,30,7,pt 16-17,16,17,0,pure tau1 slicing,tau1=3e-05,2,-16.874357,0.85226645,0.34001267,0.056816429
x0.01_Q400,0.01,400,1e-6,30,7,pt 16-17,16,17,0,pure tau1 slicing,tau1=1e-05,1,8.2590016,0.0073334187,-3.4147598e-06,0.01037102
x0.01_Q400,0.01,400,1e-6,30,7,pt 16-17,16,17,0,pure tau1 slicing,tau1=1e-05,2,-17.213868,0.85033586,0.00050160314,0.0002206076
x0.01_Q400,0.01,400,1e-6,30,8,pt 17-20,17,20,0,DISENT+P2B,,1,4.8796072,0.0028152536,0,0
x0.01_Q400,0.01,400,1e-6,30,8,pt 17-20,17,20,0,DISENT+P2B,,2,34.105718,0.28595701,0,0
x0.01_Q400,0.01,400,1e-6,30,8,pt 17-20,17,20,0,slicing+P2B,tau2=0.01,2,11.85067,0.286306,-22.255048,0.38816709
x0.01_Q400,0.01,400,1e-6,30,8,pt 17-20,17,20,0,slicing+P2B,tau2=0.001,2,31.528157,0.91454018,-2.5775612,0.92806938
x0.01_Q400,0.01,400,1e-6,30,8,pt 17-20,17,20,0,slicing+P2B,tau2=0.0001,2,33.32573,2.1205193,-0.77998804,2.115922
x0.01_Q400,0.01,400,1e-6,30,8,pt 17-20,17,20,0,slicing+P2B,tau2=1e-05,2,25.165095,4.395497,-8.9406232,4.3894923
x0.01_Q400,0.01,400,1e-6,30,8,pt 17-20,17,20,0,slicing+P2B,rho=0.1,2,19.455927,0.64350662,-14.649791,0.68183518
x0.01_Q400,0.01,400,1e-6,30,8,pt 17-20,17,20,0,slicing+P2B,rho=0.03,2,29.974641,1.0482309,-4.1310771,1.0605781
x0.01_Q400,0.01,400,1e-6,30,8,pt 17-20,17,20,0,slicing+P2B,rho=0.01,2,31.590216,1.5414283,-2.5155022,1.5428464
x0.01_Q400,0.01,400,1e-6,30,8,pt 17-20,17,20,0,slicing+P2B,rho=0.003,2,21.689954,2.2560126,-12.415765,2.252626
x0.01_Q400,0.01,400,1e-6,30,8,pt 17-20,17,20,0,slicing+P2B,rho=0.001,2,0.85181324,3.1222753,-33.253905,3.1174093
x0.01_Q400,0.01,400,1e-6,30,8,pt 17-20,17,20,0,slicing+P2B,rho=0.0003,2,-67.167403,4.1862558,-101.27312,4.1817282
x0.01_Q400,0.01,400,1e-6,30,8,pt 17-20,17,20,0,slicing+P2B,rho=0.0001,2,-188.95157,5.3020535,-223.05729,5.298981
x0.01_Q400,0.01,400,1e-6,30,8,pt 17-20,17,20,0,pure tau1 slicing,tau1=0.1,1,1.952194,0.0013409738,-2.9274132,0.003118311
x0.01_Q400,0.01,400,1e-6,30,8,pt 17-20,17,20,0,pure tau1 slicing,tau1=0.1,2,41.300902,0.16284022,7.1951834,0.26298019
x0.01_Q400,0.01,400,1e-6,30,8,pt 17-20,17,20,0,pure tau1 slicing,tau1=0.03,1,3.3968203,0.0021476179,-1.4827869,0.0035408919
x0.01_Q400,0.01,400,1e-6,30,8,pt 17-20,17,20,0,pure tau1 slicing,tau1=0.03,2,64.005825,0.25994766,29.900106,0.25565951
x0.01_Q400,0.01,400,1e-6,30,8,pt 17-20,17,20,0,pure tau1 slicing,tau1=0.01,1,4.295769,0.0025933828,-0.58383816,0.0038277
x0.01_Q400,0.01,400,1e-6,30,8,pt 17-20,17,20,0,pure tau1 slicing,tau1=0.01,2,60.774324,0.32596094,26.668606,0.24631112
x0.01_Q400,0.01,400,1e-6,30,8,pt 17-20,17,20,0,pure tau1 slicing,tau1=0.003,1,4.742733,0.0027766167,-0.13687422,0.0039541438
x0.01_Q400,0.01,400,1e-6,30,8,pt 17-20,17,20,0,pure tau1 slicing,tau1=0.003,2,46.371288,0.33323313,12.26557,0.19102568
x0.01_Q400,0.01,400,1e-6,30,8,pt 17-20,17,20,0,pure tau1 slicing,tau1=0.001,1,4.8589611,0.0028121051,-0.020646022,0.0039791442
x0.01_Q400,0.01,400,1e-6,30,8,pt 17-20,17,20,0,pure tau1 slicing,tau1=0.001,2,36.865891,0.29491358,2.7601724,0.075543348
x0.01_Q400,0.01,400,1e-6,30,8,pt 17-20,17,20,0,pure tau1 slicing,tau1=0.0003,1,4.8786993,0.0028152263,-0.0009078238,0.0039813505
x0.01_Q400,0.01,400,1e-6,30,8,pt 17-20,17,20,0,pure tau1 slicing,tau1=0.0003,2,34.286577,0.28645048,0.18085925,0.016756454
x0.01_Q400,0.01,400,1e-6,30,8,pt 17-20,17,20,0,pure tau1 slicing,tau1=0.0001,1,4.8796049,0.0028152537,-2.3202775e-06,0.0039813699
x0.01_Q400,0.01,400,1e-6,30,8,pt 17-20,17,20,0,pure tau1 slicing,tau1=0.0001,2,34.106254,0.28595707,0.00053612688,0.00013902477
x0.01_Q400,0.01,400,1e-6,30,8,pt 17-20,17,20,0,pure tau1 slicing,tau1=3e-05,1,4.8796072,0.0028152536,0,0.0039813698
x0.01_Q400,0.01,400,1e-6,30,8,pt 17-20,17,20,0,pure tau1 slicing,tau1=3e-05,2,34.105718,0.28595701,0,0
x0.01_Q400,0.01,400,1e-6,30,8,pt 17-20,17,20,0,pure tau1 slicing,tau1=1e-05,1,4.8796072,0.0028152536,0,0.0039813698
x0.01_Q400,0.01,400,1e-6,30,8,pt 17-20,17,20,0,pure tau1 slicing,tau1=1e-05,2,34.105718,0.28595701,0,0
x0.01_Q400,0.01,400,1e-6,30,9,pt 20-40,20,40,0,DISENT+P2B,,1,2.2145806,0.00089018938,0,0
x0.01_Q400,0.01,400,1e-6,30,9,pt 20-40,20,40,0,DISENT+P2B,,2,26.385783,0.0934829,0,0
x0.01_Q400,0.01,400,1e-6,30,9,pt 20-40,20,40,0,slicing+P2B,tau2=0.01,2,24.759676,0.18003952,-1.6261072,0.19355762
x0.01_Q400,0.01,400,1e-6,30,9,pt 20-40,20,40,0,slicing+P2B,tau2=0.001,2,26.143762,0.47454229,-0.24202104,0.47547258
x0.01_Q400,0.01,400,1e-6,30,9,pt 20-40,20,40,0,slicing+P2B,tau2=0.0001,2,26.402142,1.0528094,0.01635916,1.051473
x0.01_Q400,0.01,400,1e-6,30,9,pt 20-40,20,40,0,slicing+P2B,tau2=1e-05,2,19.56398,2.13776,-6.8218035,2.1360696
x0.01_Q400,0.01,400,1e-6,30,9,pt 20-40,20,40,0,slicing+P2B,rho=0.1,2,23.211931,0.17026384,-3.1738519,0.18581048
x0.01_Q400,0.01,400,1e-6,30,9,pt 20-40,20,40,0,slicing+P2B,rho=0.03,2,25.856163,0.29206458,-0.52961998,0.2977934
x0.01_Q400,0.01,400,1e-6,30,9,pt 20-40,20,40,0,slicing+P2B,rho=0.01,2,26.418863,0.44957761,0.033080262,0.45102076
x0.01_Q400,0.01,400,1e-6,30,9,pt 20-40,20,40,0,slicing+P2B,rho=0.003,2,25.034356,0.68791441,-1.3514269,0.68757485
x0.01_Q400,0.01,400,1e-6,30,9,pt 20-40,20,40,0,slicing+P2B,rho=0.001,2,23.361974,0.98770163,-3.0238088,0.98669389
x0.01_Q400,0.01,400,1e-6,30,9,pt 20-40,20,40,0,slicing+P2B,rho=0.0003,2,12.834398,1.4156293,-13.551385,1.4144077
x0.01_Q400,0.01,400,1e-6,30,9,pt 20-40,20,40,0,slicing+P2B,rho=0.0001,2,-16.662895,1.8934227,-43.048678,1.8922252
x0.01_Q400,0.01,400,1e-6,30,9,pt 20-40,20,40,0,pure tau1 slicing,tau1=0.1,1,1.6394766,0.00073009404,-0.57510401,0.0011512925
x0.01_Q400,0.01,400,1e-6,30,9,pt 20-40,20,40,0,pure tau1 slicing,tau1=0.1,2,30.862191,0.085086474,4.4764078,0.066721705
x0.01_Q400,0.01,400,1e-6,30,9,pt 20-40,20,40,0,pure tau1 slicing,tau1=0.03,1,2.0713166,0.00085861615,-0.14326401,0.0012367938
x0.01_Q400,0.01,400,1e-6,30,9,pt 20-40,20,40,0,pure tau1 slicing,tau1=0.03,2,31.250129,0.098481278,4.8643454,0.051595653
x0.01_Q400,0.01,400,1e-6,30,9,pt 20-40,20,40,0,pure tau1 slicing,tau1=0.01,1,2.1910324,0.00088720264,-0.023548206,0.0012568077
x0.01_Q400,0.01,400,1e-6,30,9,pt 20-40,20,40,0,pure tau1 slicing,tau1=0.01,2,28.043693,0.096827869,1.6579097,0.02837873
x0.01_Q400,0.01,400,1e-6,30,9,pt 20-40,20,40,0,pure tau1 slicing,tau1=0.003,1,2.2133907,0.00089016578,-0.0011899342,0.0012589012
x0.01_Q400,0.01,400,1e-6,30,9,pt 20-40,20,40,0,pure tau1 slicing,tau1=0.003,2,26.543489,0.093643668,0.15770598,0.0055684163
x0.01_Q400,0.01,400,1e-6,30,9,pt 20-40,20,40,0,pure tau1 slicing,tau1=0.001,1,2.2145766,0.00089018952,-4.0449688e-06,0.001258918
x0.01_Q400,0.01,400,1e-6,30,9,pt 20-40,20,40,0,pure tau1 slicing,tau1=0.001,2,26.386584,0.093482955,0.00080107048,9.9047389e-05
x0.01_Q400,0.01,400,1e-6,30,9,pt 20-40,20,40,0,pure tau1 slicing,tau1=0.0003,1,2.2145806,0.00089018938,0,0.0012589179
x0.01_Q400,0.01,400,1e-6,30,9,pt 20-40,20,40,0,pure tau1 slicing,tau1=0.0003,2,26.385783,0.0934829,0,0
x0.01_Q400,0.01,400,1e-6,30,9,pt 20-40,20,40,0,pure tau1 slicing,tau1=0.0001,1,2.2145806,0.00089018938,0,0.0012589179
x0.01_Q400,0.01,400,1e-6,30,9,pt 20-40,20,40,0,pure tau1 slicing,tau1=0.0001,2,26.385783,0.0934829,0,0
x0.01_Q400,0.01,400,1e-6,30,9,pt 20-40,20,40,0,pure tau1 slicing,tau1=3e-05,1,2.2145806,0.00089018938,0,0.0012589179
x0.01_Q400,0.01,400,1e-6,30,9,pt 20-40,20,40,0,pure tau1 slicing,tau1=3e-05,2,26.385783,0.0934829,0,0
x0.01_Q400,0.01,400,1e-6,30,9,pt 20-40,20,40,0,pure tau1 slicing,tau1=1e-05,1,2.2145806,0.00089018938,0,0.0012589179
x0.01_Q400,0.01,400,1e-6,30,9,pt 20-40,20,40,0,pure tau1 slicing,tau1=1e-05,2,26.385783,0.0934829,0,0
x0.01_Q400,0.01,400,1e-6,30,10,eta -1..-0.6,-1,-0.6,0,DISENT+P2B,,1,1.2366781,0.0011533869,0,0
x0.01_Q400,0.01,400,1e-6,30,10,eta -1..-0.6,-1,-0.6,0,DISENT+P2B,,2,-6.690389,0.15473832,0,0
x0.01_Q400,0.01,400,1e-6,30,10,eta -1..-0.6,-1,-0.6,0,slicing+P2B,tau2=0.01,2,-5.997001,0.13993299,0.69338797,0.19463115
x0.01_Q400,0.01,400,1e-6,30,10,eta -1..-0.6,-1,-0.6,0,slicing+P2B,tau2=0.001,2,-6.1759739,0.41940233,0.51441505,0.42712709
x0.01_Q400,0.01,400,1e-6,30,10,eta -1..-0.6,-1,-0.6,0,slicing+P2B,tau2=0.0001,2,-7.9707531,0.96795442,-1.2803641,0.96558386
x0.01_Q400,0.01,400,1e-6,30,10,eta -1..-0.6,-1,-0.6,0,slicing+P2B,tau2=1e-05,2,-12.151428,1.9899161,-5.4610391,1.9865015
x0.01_Q400,0.01,400,1e-6,30,10,eta -1..-0.6,-1,-0.6,0,slicing+P2B,rho=0.1,2,-5.280409,0.21452001,1.40998,0.25031248
x0.01_Q400,0.01,400,1e-6,30,10,eta -1..-0.6,-1,-0.6,0,slicing+P2B,rho=0.03,2,-6.3047019,0.36396301,0.38568713,0.37885278
x0.01_Q400,0.01,400,1e-6,30,10,eta -1..-0.6,-1,-0.6,0,slicing+P2B,rho=0.01,2,-6.6899058,0.56010999,0.00048317359,0.56447873
x0.01_Q400,0.01,400,1e-6,30,10,eta -1..-0.6,-1,-0.6,0,slicing+P2B,rho=0.003,2,-8.1996898,0.85350546,-1.5093008,0.85324187
x0.01_Q400,0.01,400,1e-6,30,10,eta -1..-0.6,-1,-0.6,0,slicing+P2B,rho=0.001,2,-11.881993,1.2179578,-5.1916043,1.2158966
x0.01_Q400,0.01,400,1e-6,30,10,eta -1..-0.6,-1,-0.6,0,slicing+P2B,rho=0.0003,2,-22.887324,1.7253725,-16.196935,1.7227691
x0.01_Q400,0.01,400,1e-6,30,10,eta -1..-0.6,-1,-0.6,0,slicing+P2B,rho=0.0001,2,-50.683569,2.2329676,-43.99318,2.2304999
x0.01_Q400,0.01,400,1e-6,30,10,eta -1..-0.6,-1,-0.6,0,pure tau1 slicing,tau1=0.1,1,0.4828535,0.00073342539,-0.75382461,0.0013668263
x0.01_Q400,0.01,400,1e-6,30,10,eta -1..-0.6,-1,-0.6,0,pure tau1 slicing,tau1=0.1,2,2.35793,0.11182761,9.048319,0.12507393
x0.01_Q400,0.01,400,1e-6,30,10,eta -1..-0.6,-1,-0.6,0,pure tau1 slicing,tau1=0.03,1,1.004863,0.0010601861,-0.2318151,0.0015666193
x0.01_Q400,0.01,400,1e-6,30,10,eta -1..-0.6,-1,-0.6,0,pure tau1 slicing,tau1=0.03,2,1.4239435,0.1507873,8.1143325,0.097944852
x0.01_Q400,0.01,400,1e-6,30,10,eta -1..-0.6,-1,-0.6,0,pure tau1 slicing,tau1=0.01,1,1.1933706,0.0011428525,-0.043307474,0.0016237036
x0.01_Q400,0.01,400,1e-6,30,10,eta -1..-0.6,-1,-0.6,0,pure tau1 slicing,tau1=0.01,2,-3.7040331,0.15462145,2.9863559,0.0644474
x0.01_Q400,0.01,400,1e-6,30,10,eta -1..-0.6,-1,-0.6,0,pure tau1 slicing,tau1=0.003,1,1.2335043,0.0011531316,-0.0031737744,0.0016309549
x0.01_Q400,0.01,400,1e-6,30,10,eta -1..-0.6,-1,-0.6,0,pure tau1 slicing,tau1=0.003,2,-6.2872394,0.15523862,0.40314954,0.013779316
x0.01_Q400,0.01,400,1e-6,30,10,eta -1..-0.6,-1,-0.6,0,pure tau1 slicing,tau1=0.001,1,1.2366221,0.0011533867,-5.6001518e-05,0.0016311353
x0.01_Q400,0.01,400,1e-6,30,10,eta -1..-0.6,-1,-0.6,0,pure tau1 slicing,tau1=0.001,2,-6.6800471,0.15474179,0.010341929,0.0010195607
x0.01_Q400,0.01,400,1e-6,30,10,eta -1..-0.6,-1,-0.6,0,pure tau1 slicing,tau1=0.0003,1,1.2366781,0.0011533869,0,0.0016311355
x0.01_Q400,0.01,400,1e-6,30,10,eta -1..-0.6,-1,-0.6,0,pure tau1 slicing,tau1=0.0003,2,-6.690389,0.15473832,0,0
x0.01_Q400,0.01,400,1e-6,30,10,eta -1..-0.6,-1,-0.6,0,pure tau1 slicing,tau1=0.0001,1,1.2366781,0.0011533869,0,0.0016311355
x0.01_Q400,0.01,400,1e-6,30,10,eta -1..-0.6,-1,-0.6,0,pure tau1 slicing,tau1=0.0001,2,-6.690389,0.15473832,0,0
x0.01_Q400,0.01,400,1e-6,30,10,eta -1..-0.6,-1,-0.6,0,pure tau1 slicing,tau1=3e-05,1,1.2366781,0.0011533869,0,0.0016311355
x0.01_Q400,0.01,400,1e-6,30,10,eta -1..-0.6,-1,-0.6,0,pure tau1 slicing,tau1=3e-05,2,-6.690389,0.15473832,0,0
x0.01_Q400,0.01,400,1e-6,30,10,eta -1..-0.6,-1,-0.6,0,pure tau1 slicing,tau1=1e-05,1,1.2366781,0.0011533869,0,0.0016311355
x0.01_Q400,0.01,400,1e-6,30,10,eta -1..-0.6,-1,-0.6,0,pure tau1 slicing,tau1=1e-05,2,-6.690389,0.15473832,0,0
x0.01_Q400,0.01,400,1e-6,30,11,eta -0.6..-0.4,-0.6,-0.4,0,DISENT+P2B,,1,5.8944097,0.0042536158,0,0
x0.01_Q400,0.01,400,1e-6,30,11,eta -0.6..-0.4,-0.6,-0.4,0,DISENT+P2B,,2,-44.503744,0.53355598,0,0
x0.01_Q400,0.01,400,1e-6,30,11,eta -0.6..-0.4,-0.6,-0.4,0,slicing+P2B,tau2=0.01,2,-42.406143,0.24390828,2.0976016,0.57649744
x0.01_Q400,0.01,400,1e-6,30,11,eta -0.6..-0.4,-0.6,-0.4,0,slicing+P2B,tau2=0.001,2,-47.999522,0.98068452,-3.4957776,1.0699354
x0.01_Q400,0.01,400,1e-6,30,11,eta -0.6..-0.4,-0.6,-0.4,0,slicing+P2B,tau2=0.0001,2,-43.371605,2.4065607,1.1321391,2.4143613
x0.01_Q400,0.01,400,1e-6,30,11,eta -0.6..-0.4,-0.6,-0.4,0,slicing+P2B,tau2=1e-05,2,-48.811608,5.0872921,-4.307863,5.0771375
x0.01_Q400,0.01,400,1e-6,30,11,eta -0.6..-0.4,-0.6,-0.4,0,slicing+P2B,rho=0.1,2,-49.162087,1.0196986,-4.6583427,1.1158118
x0.01_Q400,0.01,400,1e-6,30,11,eta -0.6..-0.4,-0.6,-0.4,0,slicing+P2B,rho=0.03,2,-46.221244,1.5963634,-1.7174999,1.6396171
x0.01_Q400,0.01,400,1e-6,30,11,eta -0.6..-0.4,-0.6,-0.4,0,slicing+P2B,rho=0.01,2,-50.31398,2.3417649,-5.8102352,2.3577829
x0.01_Q400,0.01,400,1e-6,30,11,eta -0.6..-0.4,-0.6,-0.4,0,slicing+P2B,rho=0.003,2,-67.271063,3.3981367,-22.767318,3.3994637
x0.01_Q400,0.01,400,1e-6,30,11,eta -0.6..-0.4,-0.6,-0.4,0,slicing+P2B,rho=0.001,2,-110.57409,4.5160552,-66.070341,4.5107783
x0.01_Q400,0.01,400,1e-6,30,11,eta -0.6..-0.4,-0.6,-0.4,0,slicing+P2B,rho=0.0003,2,-214.8484,5.9637137,-170.34466,5.9565408
x0.01_Q400,0.01,400,1e-6,30,11,eta -0.6..-0.4,-0.6,-0.4,0,slicing+P2B,rho=0.0001,2,-409.28424,7.2650854,-364.78049,7.2577299
x0.01_Q400,0.01,400,1e-6,30,11,eta -0.6..-0.4,-0.6,-0.4,0,pure tau1 slicing,tau1=0.1,1,0.92705715,0.0011300952,-4.9673525,0.0044011774
x0.01_Q400,0.01,400,1e-6,30,11,eta -0.6..-0.4,-0.6,-0.4,0,pure tau1 slicing,tau1=0.1,2,17.953993,0.18857068,62.457737,0.51105234
x0.01_Q400,0.01,400,1e-6,30,11,eta -0.6..-0.4,-0.6,-0.4,0,pure tau1 slicing,tau1=0.03,1,3.0404247,0.0027483917,-2.853985,0.0050642773
x0.01_Q400,0.01,400,1e-6,30,11,eta -0.6..-0.4,-0.6,-0.4,0,pure tau1 slicing,tau1=0.03,2,27.343683,0.41729724,71.847428,0.43722671
x0.01_Q400,0.01,400,1e-6,30,11,eta -0.6..-0.4,-0.6,-0.4,0,pure tau1 slicing,tau1=0.01,1,4.6066735,0.0036674338,-1.2877361,0.0056163438
x0.01_Q400,0.01,400,1e-6,30,11,eta -0.6..-0.4,-0.6,-0.4,0,pure tau1 slicing,tau1=0.01,2,16.710751,0.5390925,61.214496,0.4390768
x0.01_Q400,0.01,400,1e-6,30,11,eta -0.6..-0.4,-0.6,-0.4,0,pure tau1 slicing,tau1=0.003,1,5.5086777,0.0041046232,-0.38573199,0.0059111064
x0.01_Q400,0.01,400,1e-6,30,11,eta -0.6..-0.4,-0.6,-0.4,0,pure tau1 slicing,tau1=0.003,2,-11.579656,0.60504137,32.924088,0.41227699
x0.01_Q400,0.01,400,1e-6,30,11,eta -0.6..-0.4,-0.6,-0.4,0,pure tau1 slicing,tau1=0.001,1,5.8115516,0.0042309944,-0.082858114,0.0059995467
x0.01_Q400,0.01,400,1e-6,30,11,eta -0.6..-0.4,-0.6,-0.4,0,pure tau1 slicing,tau1=0.001,2,-33.309479,0.57826697,11.194266,0.27938548
x0.01_Q400,0.01,400,1e-6,30,11,eta -0.6..-0.4,-0.6,-0.4,0,pure tau1 slicing,tau1=0.0003,1,5.8866649,0.0042527621,-0.0077447866,0.0060149175
x0.01_Q400,0.01,400,1e-6,30,11,eta -0.6..-0.4,-0.6,-0.4,0,pure tau1 slicing,tau1=0.0003,2,-43.068542,0.5351151,1.4352022,0.08375124
x0.01_Q400,0.01,400,1e-6,30,11,eta -0.6..-0.4,-0.6,-0.4,0,pure tau1 slicing,tau1=0.0001,1,5.8941358,0.0042536114,-0.0002738419,0.006015518
x0.01_Q400,0.01,400,1e-6,30,11,eta -0.6..-0.4,-0.6,-0.4,0,pure tau1 slicing,tau1=0.0001,2,-44.423776,0.53382925,0.079968574,0.016927827
x0.01_Q400,0.01,400,1e-6,30,11,eta -0.6..-0.4,-0.6,-0.4,0,pure tau1 slicing,tau1=3e-05,1,5.8944097,0.0042536158,-3.4454342e-09,0.0060155211
x0.01_Q400,0.01,400,1e-6,30,11,eta -0.6..-0.4,-0.6,-0.4,0,pure tau1 slicing,tau1=3e-05,2,-44.503744,0.53355598,3.8788652e-07,4.0844847e-07
x0.01_Q400,0.01,400,1e-6,30,11,eta -0.6..-0.4,-0.6,-0.4,0,pure tau1 slicing,tau1=1e-05,1,5.8944097,0.0042536158,0,0.0060155211
x0.01_Q400,0.01,400,1e-6,30,11,eta -0.6..-0.4,-0.6,-0.4,0,pure tau1 slicing,tau1=1e-05,2,-44.503744,0.53355598,0,0
x0.01_Q400,0.01,400,1e-6,30,12,eta -0.4..-0.2,-0.4,-0.2,1,DISENT+P2B,,1,-23.354854,0.0053716917,0,0
x0.01_Q400,0.01,400,1e-6,30,12,eta -0.4..-0.2,-0.4,-0.2,1,DISENT+P2B,,2,-147.78149,0.61183055,0,0
x0.01_Q400,0.01,400,1e-6,30,12,eta -0.4..-0.2,-0.4,-0.2,1,slicing+P2B,tau2=0.01,2,-128.54178,0.54959099,19.239708,0.80230647
x0.01_Q400,0.01,400,1e-6,30,12,eta -0.4..-0.2,-0.4,-0.2,1,slicing+P2B,tau2=0.001,2,-145.03167,1.7399555,2.7498158,1.7944129
x0.01_Q400,0.01,400,1e-6,30,12,eta -0.4..-0.2,-0.4,-0.2,1,slicing+P2B,tau2=0.0001,2,-149.98971,4.0964891,-2.2082261,4.096183
x0.01_Q400,0.01,400,1e-6,30,12,eta -0.4..-0.2,-0.4,-0.2,1,slicing+P2B,tau2=1e-05,2,-123.15458,8.5228033,24.626906,8.5124225
x0.01_Q400,0.01,400,1e-6,30,12,eta -0.4..-0.2,-0.4,-0.2,1,slicing+P2B,rho=0.1,2,-119.88439,1.1627445,27.897095,1.2704015
x0.01_Q400,0.01,400,1e-6,30,12,eta -0.4..-0.2,-0.4,-0.2,1,slicing+P2B,rho=0.03,2,-139.81317,1.8679665,7.9683138,1.9120418
x0.01_Q400,0.01,400,1e-6,30,12,eta -0.4..-0.2,-0.4,-0.2,1,slicing+P2B,rho=0.01,2,-140.46248,2.7901865,7.3190093,2.8039315
x0.01_Q400,0.01,400,1e-6,30,12,eta -0.4..-0.2,-0.4,-0.2,1,slicing+P2B,rho=0.003,2,-119.36962,4.1374326,28.411867,4.136239
x0.01_Q400,0.01,400,1e-6,30,12,eta -0.4..-0.2,-0.4,-0.2,1,slicing+P2B,rho=0.001,2,-61.328437,5.6551139,86.453051,5.6475554
x0.01_Q400,0.01,400,1e-6,30,12,eta -0.4..-0.2,-0.4,-0.2,1,slicing+P2B,rho=0.0003,2,98.749016,7.7051069,246.5305,7.6960589
x0.01_Q400,0.01,400,1e-6,30,12,eta -0.4..-0.2,-0.4,-0.2,1,slicing+P2B,rho=0.0001,2,416.8964,9.8054029,564.67789,9.7963764
x0.01_Q400,0.01,400,1e-6,30,12,eta -0.4..-0.2,-0.4,-0.2,1,pure tau1 slicing,tau1=0.1,1,-15.238061,0.0020493435,8.1167928,0.0057493374
x0.01_Q400,0.01,400,1e-6,30,12,eta -0.4..-0.2,-0.4,-0.2,1,pure tau1 slicing,tau1=0.1,2,-199.91041,0.40436599,-52.128925,0.65405136
x0.01_Q400,0.01,400,1e-6,30,12,eta -0.4..-0.2,-0.4,-0.2,1,pure tau1 slicing,tau1=0.03,1,-19.726473,0.0080214046,3.6283806,0.0096539113
x0.01_Q400,0.01,400,1e-6,30,12,eta -0.4..-0.2,-0.4,-0.2,1,pure tau1 slicing,tau1=0.03,2,-215.90161,1.3296278,-68.120121,1.3105025
x0.01_Q400,0.01,400,1e-6,30,12,eta -0.4..-0.2,-0.4,-0.2,1,pure tau1 slicing,tau1=0.01,1,-21.93865,0.01845442,1.4162038,0.019220319
x0.01_Q400,0.01,400,1e-6,30,12,eta -0.4..-0.2,-0.4,-0.2,1,pure tau1 slicing,tau1=0.01,2,-196.96047,3.5148834,-49.178985,3.4905555
x0.01_Q400,0.01,400,1e-6,30,12,eta -0.4..-0.2,-0.4,-0.2,1,pure tau1 slicing,tau1=0.003,1,-22.969973,0.039821957,0.38488088,0.040182625
x0.01_Q400,0.01,400,1e-6,30,12,eta -0.4..-0.2,-0.4,-0.2,1,pure tau1 slicing,tau1=0.003,2,-177.63912,8.6783876,-29.857637,8.664304
x0.01_Q400,0.01,400,1e-6,30,12,eta -0.4..-0.2,-0.4,-0.2,1,pure tau1 slicing,tau1=0.001,1,-23.290081,0.075215073,0.064773167,0.075406646
x0.01_Q400,0.01,400,1e-6,30,12,eta -0.4..-0.2,-0.4,-0.2,1,pure tau1 slicing,tau1=0.001,2,-175.17446,20.131368,-27.392977,20.124145
x0.01_Q400,0.01,400,1e-6,30,12,eta -0.4..-0.2,-0.4,-0.2,1,pure tau1 slicing,tau1=0.0003,1,-23.353389,0.14544799,0.0014650458,0.14554715
x0.01_Q400,0.01,400,1e-6,30,12,eta -0.4..-0.2,-0.4,-0.2,1,pure tau1 slicing,tau1=0.0003,2,104.06911,49.386207,251.85059,49.383146
x0.01_Q400,0.01,400,1e-6,30,12,eta -0.4..-0.2,-0.4,-0.2,1,pure tau1 slicing,tau1=0.0001,1,-23.635518,0.25967027,-0.28066458,0.25972582
x0.01_Q400,0.01,400,1e-6,30,12,eta -0.4..-0.2,-0.4,-0.2,1,pure tau1 slicing,tau1=0.0001,2,655.18065,106.95656,802.96214,106.95525
x0.01_Q400,0.01,400,1e-6,30,12,eta -0.4..-0.2,-0.4,-0.2,1,pure tau1 slicing,tau1=3e-05,1,-23.315061,0.48918175,0.039792462,0.48921124
x0.01_Q400,0.01,400,1e-6,30,12,eta -0.4..-0.2,-0.4,-0.2,1,pure tau1 slicing,tau1=3e-05,2,2393.312,210.41375,2541.0935,210.41317
x0.01_Q400,0.01,400,1e-6,30,12,eta -0.4..-0.2,-0.4,-0.2,1,pure tau1 slicing,tau1=1e-05,1,-23.361792,0.84996995,-0.0069384479,0.84998693
x0.01_Q400,0.01,400,1e-6,30,12,eta -0.4..-0.2,-0.4,-0.2,1,pure tau1 slicing,tau1=1e-05,2,5161.3204,390.83669,5309.1019,390.83644
x0.01_Q400,0.01,400,1e-6,30,13,eta -0.2..0.2,-0.2,0.2,0,DISENT+P2B,,1,8.7544283,0.0034853844,0,0
x0.01_Q400,0.01,400,1e-6,30,13,eta -0.2..0.2,-0.2,0.2,0,DISENT+P2B,,2,102.37681,0.34147277,0,0
x0.01_Q400,0.01,400,1e-6,30,13,eta -0.2..0.2,-0.2,0.2,0,slicing+P2B,tau2=0.01,2,79.232868,0.3849785,-23.143944,0.48228758
x0.01_Q400,0.01,400,1e-6,30,13,eta -0.2..0.2,-0.2,0.2,0,slicing+P2B,tau2=0.001,2,103.11522,1.1481767,0.73840322,1.15604
x0.01_Q400,0.01,400,1e-6,30,13,eta -0.2..0.2,-0.2,0.2,0,slicing+P2B,tau2=0.0001,2,104.1523,2.656129,1.775492,2.6504991
x0.01_Q400,0.01,400,1e-6,30,13,eta -0.2..0.2,-0.2,0.2,0,slicing+P2B,tau2=1e-05,2,98.811777,5.4957817,-3.5650355,5.49064
x0.01_Q400,0.01,400,1e-6,30,13,eta -0.2..0.2,-0.2,0.2,0,slicing+P2B,rho=0.1,2,80.998412,0.49455427,-21.3784,0.56311199
x0.01_Q400,0.01,400,1e-6,30,13,eta -0.2..0.2,-0.2,0.2,0,slicing+P2B,rho=0.03,2,97.211464,0.85150601,-5.1653486,0.87365965
x0.01_Q400,0.01,400,1e-6,30,13,eta -0.2..0.2,-0.2,0.2,0,slicing+P2B,rho=0.01,2,101.79454,1.3197489,-0.58227084,1.3238339
x0.01_Q400,0.01,400,1e-6,30,13,eta -0.2..0.2,-0.2,0.2,0,slicing+P2B,rho=0.003,2,98.611783,2.0379735,-3.7650296,2.0349174
x0.01_Q400,0.01,400,1e-6,30,13,eta -0.2..0.2,-0.2,0.2,0,slicing+P2B,rho=0.001,2,88.044451,2.9201118,-14.332361,2.9151336
x0.01_Q400,0.01,400,1e-6,30,13,eta -0.2..0.2,-0.2,0.2,0,slicing+P2B,rho=0.0003,2,48.288931,4.1552957,-54.087881,4.1504827
x0.01_Q400,0.01,400,1e-6,30,13,eta -0.2..0.2,-0.2,0.2,0,slicing+P2B,rho=0.0001,2,-35.69894,5.5878286,-138.07575,5.5832811
x0.01_Q400,0.01,400,1e-6,30,13,eta -0.2..0.2,-0.2,0.2,0,pure tau1 slicing,tau1=0.1,1,5.542939,0.0026177318,-3.2114892,0.0043589476
x0.01_Q400,0.01,400,1e-6,30,13,eta -0.2..0.2,-0.2,0.2,0,pure tau1 slicing,tau1=0.1,2,101.64606,0.28636934,-0.73075509,0.32673699
x0.01_Q400,0.01,400,1e-6,30,13,eta -0.2..0.2,-0.2,0.2,0,pure tau1 slicing,tau1=0.03,1,7.837554,0.0033120407,-0.91687422,0.004808068
x0.01_Q400,0.01,400,1e-6,30,13,eta -0.2..0.2,-0.2,0.2,0,pure tau1 slicing,tau1=0.03,2,121.33163,0.34730672,18.954823,0.18533104
x0.01_Q400,0.01,400,1e-6,30,13,eta -0.2..0.2,-0.2,0.2,0,pure tau1 slicing,tau1=0.01,1,8.5143812,0.0034526002,-0.24004709,0.0049059507
x0.01_Q400,0.01,400,1e-6,30,13,eta -0.2..0.2,-0.2,0.2,0,pure tau1 slicing,tau1=0.01,2,114.7499,0.35823813,12.37309,0.13971008
x0.01_Q400,0.01,400,1e-6,30,13,eta -0.2..0.2,-0.2,0.2,0,pure tau1 slicing,tau1=0.003,1,8.7205032,0.0034831273,-0.033925005,0.0049274821
x0.01_Q400,0.01,400,1e-6,30,13,eta -0.2..0.2,-0.2,0.2,0,pure tau1 slicing,tau1=0.003,2,105.72799,0.34760349,3.3511771,0.070927853
x0.01_Q400,0.01,400,1e-6,30,13,eta -0.2..0.2,-0.2,0.2,0,pure tau1 slicing,tau1=0.001,1,8.7518091,0.0034853773,-0.0026191829,0.0049290729
x0.01_Q400,0.01,400,1e-6,30,13,eta -0.2..0.2,-0.2,0.2,0,pure tau1 slicing,tau1=0.001,2,102.79871,0.34189494,0.42190182,0.017148846
x0.01_Q400,0.01,400,1e-6,30,13,eta -0.2..0.2,-0.2,0.2,0,pure tau1 slicing,tau1=0.0003,1,8.7544144,0.0034853849,-1.3898236e-05,0.0049290783
x0.01_Q400,0.01,400,1e-6,30,13,eta -0.2..0.2,-0.2,0.2,0,pure tau1 slicing,tau1=0.0003,2,102.37962,0.34147324,0.0028030276,0.00048549059
x0.01_Q400,0.01,400,1e-6,30,13,eta -0.2..0.2,-0.2,0.2,0,pure tau1 slicing,tau1=0.0001,1,8.7544283,0.0034853844,0,0.0049290779
x0.01_Q400,0.01,400,1e-6,30,13,eta -0.2..0.2,-0.2,0.2,0,pure tau1 slicing,tau1=0.0001,2,102.37681,0.34147277,0,0
x0.01_Q400,0.01,400,1e-6,30,13,eta -0.2..0.2,-0.2,0.2,0,pure tau1 slicing,tau1=3e-05,1,8.7544283,0.0034853844,0,0.0049290779
x0.01_Q400,0.01,400,1e-6,30,13,eta -0.2..0.2,-0.2,0.2,0,pure tau1 slicing,tau1=3e-05,2,102.37681,0.34147277,0,0
x0.01_Q400,0.01,400,1e-6,30,13,eta -0.2..0.2,-0.2,0.2,0,pure tau1 slicing,tau1=1e-05,1,8.7544283,0.0034853844,0,0.0049290779
x0.01_Q400,0.01,400,1e-6,30,13,eta -0.2..0.2,-0.2,0.2,0,pure tau1 slicing,tau1=1e-05,2,102.37681,0.34147277,0,0
x0.01_Q400,0.01,400,1e-6,30,14,eta 0.2..1,0.2,1,0,DISENT+P2B,,1,3.7947067,0.0013949838,0,0
x0.01_Q400,0.01,400,1e-6,30,14,eta 0.2..1,0.2,1,0,DISENT+P2B,,2,39.058629,0.13688721,0,0
x0.01_Q400,0.01,400,1e-6,30,14,eta 0.2..1,0.2,1,0,slicing+P2B,tau2=0.01,2,40.192927,0.25660767,1.1342979,0.27418615
x0.01_Q400,0.01,400,1e-6,30,14,eta 0.2..1,0.2,1,0,slicing+P2B,tau2=0.001,2,38.831408,0.69627945,-0.22722113,0.69575965
x0.01_Q400,0.01,400,1e-6,30,14,eta 0.2..1,0.2,1,0,slicing+P2B,tau2=0.0001,2,38.800063,1.5531078,-0.25856549,1.5506899
x0.01_Q400,0.01,400,1e-6,30,14,eta 0.2..1,0.2,1,0,slicing+P2B,tau2=1e-05,2,36.157853,3.1506387,-2.9007761,3.1488129
x0.01_Q400,0.01,400,1e-6,30,14,eta 0.2..1,0.2,1,0,slicing+P2B,rho=0.1,2,37.805757,0.13424624,-1.2528713,0.1785063
x0.01_Q400,0.01,400,1e-6,30,14,eta 0.2..1,0.2,1,0,slicing+P2B,rho=0.03,2,38.257121,0.2657098,-0.80150783,0.28096162
x0.01_Q400,0.01,400,1e-6,30,14,eta 0.2..1,0.2,1,0,slicing+P2B,rho=0.01,2,38.346672,0.44083009,-0.71195715,0.44444472
x0.01_Q400,0.01,400,1e-6,30,14,eta 0.2..1,0.2,1,0,slicing+P2B,rho=0.003,2,38.726883,0.71426716,-0.33174537,0.71304192
x0.01_Q400,0.01,400,1e-6,30,14,eta 0.2..1,0.2,1,0,slicing+P2B,rho=0.001,2,38.856891,1.0626649,-0.20173747,1.0600512
x0.01_Q400,0.01,400,1e-6,30,14,eta 0.2..1,0.2,1,0,slicing+P2B,rho=0.0003,2,35.271939,1.5781578,-3.7866896,1.5755937
x0.01_Q400,0.01,400,1e-6,30,14,eta 0.2..1,0.2,1,0,slicing+P2B,rho=0.0001,2,30.58394,2.2322941,-8.4746889,2.2300277
x0.01_Q400,0.01,400,1e-6,30,14,eta 0.2..1,0.2,1,0,pure tau1 slicing,tau1=0.1,1,3.7065993,0.0013939863,-0.088107395,0.0019720998
x0.01_Q400,0.01,400,1e-6,30,14,eta 0.2..1,0.2,1,0,pure tau1 slicing,tau1=0.1,2,40.770725,0.13723271,1.7120958,0.017581402
x0.01_Q400,0.01,400,1e-6,30,14,eta 0.2..1,0.2,1,0,pure tau1 slicing,tau1=0.03,1,3.7883102,0.0013951141,-0.0063964523,0.0019728971
x0.01_Q400,0.01,400,1e-6,30,14,eta 0.2..1,0.2,1,0,pure tau1 slicing,tau1=0.03,2,39.449812,0.13697242,0.39118343,0.0052640839
x0.01_Q400,0.01,400,1e-6,30,14,eta 0.2..1,0.2,1,0,pure tau1 slicing,tau1=0.01,1,3.79457,0.0013949891,-0.00013672265,0.0019728087
x0.01_Q400,0.01,400,1e-6,30,14,eta 0.2..1,0.2,1,0,pure tau1 slicing,tau1=0.01,2,39.076106,0.13688903,0.017477,0.00072002049
x0.01_Q400,0.01,400,1e-6,30,14,eta 0.2..1,0.2,1,0,pure tau1 slicing,tau1=0.003,1,3.7947067,0.0013949838,0,0.001972805
x0.01_Q400,0.01,400,1e-6,30,14,eta 0.2..1,0.2,1,0,pure tau1 slicing,tau1=0.003,2,39.058629,0.13688721,0,0
x0.01_Q400,0.01,400,1e-6,30,14,eta 0.2..1,0.2,1,0,pure tau1 slicing,tau1=0.001,1,3.7947067,0.0013949838,0,0.001972805
x0.01_Q400,0.01,400,1e-6,30,14,eta 0.2..1,0.2,1,0,pure tau1 slicing,tau1=0.001,2,39.058629,0.13688721,0,0
x0.01_Q400,0.01,400,1e-6,30,14,eta 0.2..1,0.2,1,0,pure tau1 slicing,tau1=0.0003,1,3.7947067,0.0013949838,0,0.001972805
x0.01_Q400,0.01,400,1e-6,30,14,eta 0.2..1,0.2,1,0,pure tau1 slicing,tau1=0.0003,2,39.058629,0.13688721,0,0
x0.01_Q400,0.01,400,1e-6,30,14,eta 0.2..1,0.2,1,0,pure tau1 slicing,tau1=0.0001,1,3.7947067,0.0013949838,0,0.001972805
x0.01_Q400,0.01,400,1e-6,30,14,eta 0.2..1,0.2,1,0,pure tau1 slicing,tau1=0.0001,2,39.058629,0.13688721,0,0
x0.01_Q400,0.01,400,1e-6,30,14,eta 0.2..1,0.2,1,0,pure tau1 slicing,tau1=3e-05,1,3.7947067,0.0013949838,0,0.001972805
x0.01_Q400,0.01,400,1e-6,30,14,eta 0.2..1,0.2,1,0,pure tau1 slicing,tau1=3e-05,2,39.058629,0.13688721,0,0
x0.01_Q400,0.01,400,1e-6,30,14,eta 0.2..1,0.2,1,0,pure tau1 slicing,tau1=1e-05,1,3.7947067,0.0013949838,0,0.001972805
x0.01_Q400,0.01,400,1e-6,30,14,eta 0.2..1,0.2,1,0,pure tau1 slicing,tau1=1e-05,2,39.058629,0.13688721,0,0
x0.01_Q400,0.01,400,1e-6,30,15,eta 1..2.5,1,2.5,0,DISENT+P2B,,1,1.1437358,0.00066190374,0,0
x0.01_Q400,0.01,400,1e-6,30,15,eta 1..2.5,1,2.5,0,DISENT+P2B,,2,22.770582,0.077370673,0,0
x0.01_Q400,0.01,400,1e-6,30,15,eta 1..2.5,1,2.5,0,slicing+P2B,tau2=0.01,2,22.838464,0.14353196,0.067881623,0.15086976
x0.01_Q400,0.01,400,1e-6,30,15,eta 1..2.5,1,2.5,0,slicing+P2B,tau2=0.001,2,22.40961,0.37338517,-0.36097216,0.37219013
x0.01_Q400,0.01,400,1e-6,30,15,eta 1..2.5,1,2.5,0,slicing+P2B,tau2=0.0001,2,23.409788,0.83381359,0.63920599,0.83211036
x0.01_Q400,0.01,400,1e-6,30,15,eta 1..2.5,1,2.5,0,slicing+P2B,tau2=1e-05,2,15.449632,1.6825729,-7.3209506,1.681619
x0.01_Q400,0.01,400,1e-6,30,15,eta 1..2.5,1,2.5,0,slicing+P2B,rho=0.1,2,20.83554,0.12207723,-1.9350418,0.13265082
x0.01_Q400,0.01,400,1e-6,30,15,eta 1..2.5,1,2.5,0,slicing+P2B,rho=0.03,2,22.025665,0.21270622,-0.74491747,0.21493779
x0.01_Q400,0.01,400,1e-6,30,15,eta 1..2.5,1,2.5,0,slicing+P2B,rho=0.01,2,22.425308,0.33191886,-0.34527387,0.33102648
x0.01_Q400,0.01,400,1e-6,30,15,eta 1..2.5,1,2.5,0,slicing+P2B,rho=0.003,2,22.59338,0.51744308,-0.17720255,0.51572594
x0.01_Q400,0.01,400,1e-6,30,15,eta 1..2.5,1,2.5,0,slicing+P2B,rho=0.001,2,22.437488,0.74823709,-0.33309424,0.74648801
x0.01_Q400,0.01,400,1e-6,30,15,eta 1..2.5,1,2.5,0,slicing+P2B,rho=0.0003,2,22.699952,1.0991548,-0.070629805,1.0976306
x0.01_Q400,0.01,400,1e-6,30,15,eta 1..2.5,1,2.5,0,slicing+P2B,rho=0.0001,2,20.165228,1.534253,-2.6053541,1.5332239
x0.01_Q400,0.01,400,1e-6,30,15,eta 1..2.5,1,2.5,0,pure tau1 slicing,tau1=0.1,1,0.9352594,0.00057989007,-0.20847643,0.00087999378
x0.01_Q400,0.01,400,1e-6,30,15,eta 1..2.5,1,2.5,0,pure tau1 slicing,tau1=0.1,2,28.666453,0.077535629,5.8958708,0.055303886
x0.01_Q400,0.01,400,1e-6,30,15,eta 1..2.5,1,2.5,0,pure tau1 slicing,tau1=0.03,1,1.1437301,0.000661901,-5.7499768e-06,0.00093607131
x0.01_Q400,0.01,400,1e-6,30,15,eta 1..2.5,1,2.5,0,pure tau1 slicing,tau1=0.03,2,22.762615,0.077357006,-0.0079676529,0.0017767571
x0.01_Q400,0.01,400,1e-6,30,15,eta 1..2.5,1,2.5,0,pure tau1 slicing,tau1=0.01,1,1.1437358,0.00066190374,0,0.00093607324
x0.01_Q400,0.01,400,1e-6,30,15,eta 1..2.5,1,2.5,0,pure tau1 slicing,tau1=0.01,2,22.770582,0.077370673,0,0
x0.01_Q400,0.01,400,1e-6,30,15,eta 1..2.5,1,2.5,0,pure tau1 slicing,tau1=0.003,1,1.1437358,0.00066190374,0,0.00093607324
x0.01_Q400,0.01,400,1e-6,30,15,eta 1..2.5,1,2.5,0,pure tau1 slicing,tau1=0.003,2,22.770582,0.077370673,0,0
x0.01_Q400,0.01,400,1e-6,30,15,eta 1..2.5,1,2.5,0,pure tau1 slicing,tau1=0.001,1,1.1437358,0.00066190374,0,0.00093607324
x0.01_Q400,0.01,400,1e-6,30,15,eta 1..2.5,1,2.5,0,pure tau1 slicing,tau1=0.001,2,22.770582,0.077370673,0,0
x0.01_Q400,0.01,400,1e-6,30,15,eta 1..2.5,1,2.5,0,pure tau1 slicing,tau1=0.0003,1,1.1437358,0.00066190374,0,0.00093607324
x0.01_Q400,0.01,400,1e-6,30,15,eta 1..2.5,1,2.5,0,pure tau1 slicing,tau1=0.0003,2,22.770582,0.077370673,0,0
x0.01_Q400,0.01,400,1e-6,30,15,eta 1..2.5,1,2.5,0,pure tau1 slicing,tau1=0.0001,1,1.1437358,0.00066190374,0,0.00093607324
x0.01_Q400,0.01,400,1e-6,30,15,eta 1..2.5,1,2.5,0,pure tau1 slicing,tau1=0.0001,2,22.770582,0.077370673,0,0
x0.01_Q400,0.01,400,1e-6,30,15,eta 1..2.5,1,2.5,0,pure tau1 slicing,tau1=3e-05,1,1.1437358,0.00066190374,0,0.00093607324
x0.01_Q400,0.01,400,1e-6,30,15,eta 1..2.5,1,2.5,0,pure tau1 slicing,tau1=3e-05,2,22.770582,0.077370673,0,0
x0.01_Q400,0.01,400,1e-6,30,15,eta 1..2.5,1,2.5,0,pure tau1 slicing,tau1=1e-05,1,1.1437358,0.00066190374,0,0.00093607324
x0.01_Q400,0.01,400,1e-6,30,15,eta 1..2.5,1,2.5,0,pure tau1 slicing,tau1=1e-05,2,22.770582,0.077370673,0,0
x0.01_Q400,0.01,400,1e-6,30,16,>=2 jets,,,0,DISENT+P2B,,1,9.1438741,0.0022888033,0,0
x0.01_Q400,0.01,400,1e-6,30,16,>=2 jets,,,0,DISENT+P2B,,2,68.669555,0.27950944,0,0
x0.01_Q400,0.01,400,1e-6,30,16,>=2 jets,,,0,slicing+P2B,tau2=0.01,2,84.807753,0.36892756,16.138198,0.43877726
x0.01_Q400,0.01,400,1e-6,30,16,>=2 jets,,,0,slicing+P2B,tau2=0.001,2,71.326928,1.0350519,2.6573728,1.0449374
x0.01_Q400,0.01,400,1e-6,30,16,>=2 jets,,,0,slicing+P2B,tau2=0.0001,2,68.157355,2.3469335,-0.51219993,2.3434194
x0.01_Q400,0.01,400,1e-6,30,16,>=2 jets,,,0,slicing+P2B,tau2=1e-05,2,63.367955,4.8135381,-5.3016,4.8084933
x0.01_Q400,0.01,400,1e-6,30,16,>=2 jets,,,0,slicing+P2B,rho=0.1,2,79.968158,0.31256322,11.298603,0.39812626
x0.01_Q400,0.01,400,1e-6,30,16,>=2 jets,,,0,slicing+P2B,rho=0.03,2,73.813759,0.57077816,5.1442038,0.60777002
x0.01_Q400,0.01,400,1e-6,30,16,>=2 jets,,,0,slicing+P2B,rho=0.01,2,69.986828,0.9100605,1.3172728,0.92381352
x0.01_Q400,0.01,400,1e-6,30,16,>=2 jets,,,0,slicing+P2B,rho=0.003,2,70.140051,1.4402011,1.4704963,1.4419178
x0.01_Q400,0.01,400,1e-6,30,16,>=2 jets,,,0,slicing+P2B,rho=0.001,2,67.871754,2.1002798,-0.79780052,2.0975512
x0.01_Q400,0.01,400,1e-6,30,16,>=2 jets,,,0,slicing+P2B,rho=0.0003,2,67.468035,3.1051712,-1.2015201,3.1006672
x0.01_Q400,0.01,400,1e-6,30,16,>=2 jets,,,0,slicing+P2B,rho=0.0001,2,55.302041,4.3211442,-13.367514,4.3164491
x0.01_Q400,0.01,400,1e-6,30,16,>=2 jets,,,0,pure tau1 slicing,tau1=0.1,1,7.3255272,0.0020485603,-1.818347,0.0030716803
x0.01_Q400,0.01,400,1e-6,30,16,>=2 jets,,,0,pure tau1 slicing,tau1=0.1,2,100.93361,0.26294945,32.264056,0.16568364
x0.01_Q400,0.01,400,1e-6,30,16,>=2 jets,,,0,pure tau1 slicing,tau1=0.03,1,9.0146587,0.0022712741,-0.12921541,0.0032244855
x0.01_Q400,0.01,400,1e-6,30,16,>=2 jets,,,0,pure tau1 slicing,tau1=0.03,2,78.88822,0.28690271,10.218665,0.098612039
x0.01_Q400,0.01,400,1e-6,30,16,>=2 jets,,,0,pure tau1 slicing,tau1=0.01,1,9.1438741,0.0022888033,0,0.0032368567
x0.01_Q400,0.01,400,1e-6,30,16,>=2 jets,,,0,pure tau1 slicing,tau1=0.01,2,68.669555,0.27950944,0,0
x0.01_Q400,0.01,400,1e-6,30,16,>=2 jets,,,0,pure tau1 slicing,tau1=0.003,1,9.1438741,0.0022888033,0,0.0032368567
x0.01_Q400,0.01,400,1e-6,30,16,>=2 jets,,,0,pure tau1 slicing,tau1=0.003,2,68.669555,0.27950944,0,0
x0.01_Q400,0.01,400,1e-6,30,16,>=2 jets,,,0,pure tau1 slicing,tau1=0.001,1,9.1438741,0.0022888033,0,0.0032368567
x0.01_Q400,0.01,400,1e-6,30,16,>=2 jets,,,0,pure tau1 slicing,tau1=0.001,2,68.669555,0.27950944,0,0
x0.01_Q400,0.01,400,1e-6,30,16,>=2 jets,,,0,pure tau1 slicing,tau1=0.0003,1,9.1438741,0.0022888033,0,0.0032368567
x0.01_Q400,0.01,400,1e-6,30,16,>=2 jets,,,0,pure tau1 slicing,tau1=0.0003,2,68.669555,0.27950944,0,0
x0.01_Q400,0.01,400,1e-6,30,16,>=2 jets,,,0,pure tau1 slicing,tau1=0.0001,1,9.1438741,0.0022888033,0,0.0032368567
x0.01_Q400,0.01,400,1e-6,30,16,>=2 jets,,,0,pure tau1 slicing,tau1=0.0001,2,68.669555,0.27950944,0,0
x0.01_Q400,0.01,400,1e-6,30,16,>=2 jets,,,0,pure tau1 slicing,tau1=3e-05,1,9.1438741,0.0022888033,0,0.0032368567
x0.01_Q400,0.01,400,1e-6,30,16,>=2 jets,,,0,pure tau1 slicing,tau1=3e-05,2,68.669555,0.27950944,0,0
x0.01_Q400,0.01,400,1e-6,30,16,>=2 jets,,,0,pure tau1 slicing,tau1=1e-05,1,9.1438741,0.0022888033,0,0.0032368567
x0.01_Q400,0.01,400,1e-6,30,16,>=2 jets,,,0,pure tau1 slicing,tau1=1e-05,2,68.669555,0.27950944,0,0
x0.05_Q1000,0.05,1000,1e-10,180,1,total,,,1,DISENT+P2B,,1,-2.2389333,0,0,0
x0.05_Q1000,0.05,1000,1e-10,180,1,total,,,1,DISENT+P2B,,2,-13.736541,0,0,0
x0.05_Q1000,0.05,1000,1e-10,180,1,total,,,1,slicing+P2B,tau2=0.01,2,-13.736541,0,0,0
x0.05_Q1000,0.05,1000,1e-10,180,1,total,,,1,slicing+P2B,tau2=0.001,2,-13.736541,0,0,0
x0.05_Q1000,0.05,1000,1e-10,180,1,total,,,1,slicing+P2B,tau2=0.0001,2,-13.736541,0,0,0
x0.05_Q1000,0.05,1000,1e-10,180,1,total,,,1,slicing+P2B,tau2=1e-05,2,-13.736541,0,0,0
x0.05_Q1000,0.05,1000,1e-10,180,1,total,,,1,slicing+P2B,rho=0.1,2,-13.736541,0,0,0
x0.05_Q1000,0.05,1000,1e-10,180,1,total,,,1,slicing+P2B,rho=0.03,2,-13.736541,0,0,0
x0.05_Q1000,0.05,1000,1e-10,180,1,total,,,1,slicing+P2B,rho=0.01,2,-13.736541,0,0,0
x0.05_Q1000,0.05,1000,1e-10,180,1,total,,,1,slicing+P2B,rho=0.003,2,-13.736541,0,0,0
x0.05_Q1000,0.05,1000,1e-10,180,1,total,,,1,slicing+P2B,rho=0.001,2,-13.736541,0,0,0
x0.05_Q1000,0.05,1000,1e-10,180,1,total,,,1,slicing+P2B,rho=0.0003,2,-13.736541,0,0,0
x0.05_Q1000,0.05,1000,1e-10,180,1,total,,,1,slicing+P2B,rho=0.0001,2,-13.736541,0,0,0
x0.05_Q1000,0.05,1000,1e-10,180,1,total,,,1,pure tau1 slicing,tau1=0.1,1,-2.7431128,0.0011527896,-0.50417953,0.0011527896
x0.05_Q1000,0.05,1000,1e-10,180,1,total,,,1,pure tau1 slicing,tau1=0.1,2,-1.4225404,0.14842265,12.314001,0.14842265
x0.05_Q1000,0.05,1000,1e-10,180,1,total,,,1,pure tau1 slicing,tau1=0.03,1,-2.3152605,0.0031551046,-0.07632725,0.0031551046
x0.05_Q1000,0.05,1000,1e-10,180,1,total,,,1,pure tau1 slicing,tau1=0.03,2,1.1582877,0.48857474,14.894829,0.48857474
x0.05_Q1000,0.05,1000,1e-10,180,1,total,,,1,pure tau1 slicing,tau1=0.01,1,-2.231751,0.0070851058,0.0071822786,0.0070851058
x0.05_Q1000,0.05,1000,1e-10,180,1,total,,,1,pure tau1 slicing,tau1=0.01,2,-3.1184157,1.2941915,10.618125,1.2941915
x0.05_Q1000,0.05,1000,1e-10,180,1,total,,,1,pure tau1 slicing,tau1=0.003,1,-2.221862,0.015505206,0.017071234,0.015505206
x0.05_Q1000,0.05,1000,1e-10,180,1,total,,,1,pure tau1 slicing,tau1=0.003,2,-7.3017934,4.0314336,6.4347476,4.0314336
x0.05_Q1000,0.05,1000,1e-10,180,1,total,,,1,pure tau1 slicing,tau1=0.001,1,-2.204801,0.029741802,0.034132298,0.029741802
x0.05_Q1000,0.05,1000,1e-10,180,1,total,,,1,pure tau1 slicing,tau1=0.001,2,-37.258968,10.36186,-23.522427,10.36186
x0.05_Q1000,0.05,1000,1e-10,180,1,total,,,1,pure tau1 slicing,tau1=0.0003,1,-2.2213521,0.058092943,0.017581216,0.058092943
x0.05_Q1000,0.05,1000,1e-10,180,1,total,,,1,pure tau1 slicing,tau1=0.0003,2,-15.263908,22.435649,-1.5273672,22.435649
x0.05_Q1000,0.05,1000,1e-10,180,1,total,,,1,pure tau1 slicing,tau1=0.0001,1,-2.3341246,0.10418157,-0.095191379,0.10418157
x0.05_Q1000,0.05,1000,1e-10,180,1,total,,,1,pure tau1 slicing,tau1=0.0001,2,-20.325187,49.348715,-6.5886456,49.348715
x0.05_Q1000,0.05,1000,1e-10,180,1,total,,,1,pure tau1 slicing,tau1=3e-05,1,-2.3792065,0.19577573,-0.14027328,0.19577573
x0.05_Q1000,0.05,1000,1e-10,180,1,total,,,1,pure tau1 slicing,tau1=3e-05,2,-68.406687,126.43726,-54.670146,126.43726
x0.05_Q1000,0.05,1000,1e-10,180,1,total,,,1,pure tau1 slicing,tau1=1e-05,1,-2.4845646,0.34317982,-0.24563134,0.34317982
x0.05_Q1000,0.05,1000,1e-10,180,1,total,,,1,pure tau1 slicing,tau1=1e-05,2,-303.93859,266.37384,-290.20205,266.37384
x0.05_Q1000,0.05,1000,1e-10,180,2,>=1 jet,,,1,DISENT+P2B,,1,-2.2467359,1.0992316e-05,0,0
x0.05_Q1000,0.05,1000,1e-10,180,2,>=1 jet,,,1,DISENT+P2B,,2,-13.79255,0.0014927385,0,0
x0.05_Q1000,0.05,1000,1e-10,180,2,>=1 jet,,,1,slicing+P2B,tau2=0.01,2,-13.780515,0.0022379028,0.012035341,0.0023186853
x0.05_Q1000,0.05,1000,1e-10,180,2,>=1 jet,,,1,slicing+P2B,tau2=0.001,2,-13.812512,0.005515777,-0.019961958,0.0054235873
x0.05_Q1000,0.05,1000,1e-10,180,2,>=1 jet,,,1,slicing+P2B,tau2=0.0001,2,-13.817868,0.011868617,-0.025317595,0.011798845
x0.05_Q1000,0.05,1000,1e-10,180,2,>=1 jet,,,1,slicing+P2B,tau2=1e-05,2,-13.752535,0.02289632,0.040014969,0.022849494
x0.05_Q1000,0.05,1000,1e-10,180,2,>=1 jet,,,1,slicing+P2B,rho=0.1,2,-13.753933,0.0017511259,0.038617443,0.0019851545
x0.05_Q1000,0.05,1000,1e-10,180,2,>=1 jet,,,1,slicing+P2B,rho=0.03,2,-13.786805,0.0030103431,0.0057447039,0.0029973896
x0.05_Q1000,0.05,1000,1e-10,180,2,>=1 jet,,,1,slicing+P2B,rho=0.01,2,-13.805336,0.0046172428,-0.012786287,0.0045360673
x0.05_Q1000,0.05,1000,1e-10,180,2,>=1 jet,,,1,slicing+P2B,rho=0.003,2,-13.814788,0.0070789692,-0.022237926,0.0069875646
x0.05_Q1000,0.05,1000,1e-10,180,2,>=1 jet,,,1,slicing+P2B,rho=0.001,2,-13.814278,0.010082034,-0.021727667,0.010004298
x0.05_Q1000,0.05,1000,1e-10,180,2,>=1 jet,,,1,slicing+P2B,rho=0.0003,2,-13.800171,0.014485183,-0.0076209829,0.014418157
x0.05_Q1000,0.05,1000,1e-10,180,2,>=1 jet,,,1,slicing+P2B,rho=0.0001,2,-13.76306,0.019816986,0.029490331,0.01976397
x0.05_Q1000,0.05,1000,1e-10,180,2,>=1 jet,,,1,pure tau1 slicing,tau1=0.1,1,-2.7503296,0.0011529188,-0.50359373,0.0011529712
x0.05_Q1000,0.05,1000,1e-10,180,2,>=1 jet,,,1,pure tau1 slicing,tau1=0.1,2,-1.505397,0.14842979,12.287153,0.14842244
x0.05_Q1000,0.05,1000,1e-10,180,2,>=1 jet,,,1,pure tau1 slicing,tau1=0.03,1,-2.3230631,0.0031552599,-0.07632725,0.003155279
x0.05_Q1000,0.05,1000,1e-10,180,2,>=1 jet,,,1,pure tau1 slicing,tau1=0.03,2,1.1022787,0.48857714,14.894829,0.48857474
x0.05_Q1000,0.05,1000,1e-10,180,2,>=1 jet,,,1,pure tau1 slicing,tau1=0.01,1,-2.2395536,0.0070852366,0.0071822786,0.0070852452
x0.05_Q1000,0.05,1000,1e-10,180,2,>=1 jet,,,1,pure tau1 slicing,tau1=0.01,2,-3.1744247,1.2941924,10.618125,1.2941915
x0.05_Q1000,0.05,1000,1e-10,180,2,>=1 jet,,,1,pure tau1 slicing,tau1=0.003,1,-2.2296646,0.015505306,0.017071234,0.01550531
x0.05_Q1000,0.05,1000,1e-10,180,2,>=1 jet,,,1,pure tau1 slicing,tau1=0.003,2,-7.3578024,4.0314339,6.4347476,4.0314336
x0.05_Q1000,0.05,1000,1e-10,180,2,>=1 jet,,,1,pure tau1 slicing,tau1=0.001,1,-2.2126036,0.029741879,0.034132298,0.029741881
x0.05_Q1000,0.05,1000,1e-10,180,2,>=1 jet,,,1,pure tau1 slicing,tau1=0.001,2,-37.314977,10.36186,-23.522427,10.36186
x0.05_Q1000,0.05,1000,1e-10,180,2,>=1 jet,,,1,pure tau1 slicing,tau1=0.0003,1,-2.2291546,0.058092999,0.017581216,0.058093
x0.05_Q1000,0.05,1000,1e-10,180,2,>=1 jet,,,1,pure tau1 slicing,tau1=0.0003,2,-15.319917,22.435649,-1.5273672,22.435649
x0.05_Q1000,0.05,1000,1e-10,180,2,>=1 jet,,,1,pure tau1 slicing,tau1=0.0001,1,-2.3419272,0.10418161,-0.095191379,0.10418161
x0.05_Q1000,0.05,1000,1e-10,180,2,>=1 jet,,,1,pure tau1 slicing,tau1=0.0001,2,-20.381196,49.348715,-6.5886456,49.348715
x0.05_Q1000,0.05,1000,1e-10,180,2,>=1 jet,,,1,pure tau1 slicing,tau1=3e-05,1,-2.3870091,0.19577576,-0.14027328,0.19577576
x0.05_Q1000,0.05,1000,1e-10,180,2,>=1 jet,,,1,pure tau1 slicing,tau1=3e-05,2,-68.462696,126.43726,-54.670146,126.43726
x0.05_Q1000,0.05,1000,1e-10,180,2,>=1 jet,,,1,pure tau1 slicing,tau1=1e-05,1,-2.4923672,0.34317984,-0.24563134,0.34317984
x0.05_Q1000,0.05,1000,1e-10,180,2,>=1 jet,,,1,pure tau1 slicing,tau1=1e-05,2,-303.9946,266.37384,-290.20205,266.37384
x0.05_Q1000,0.05,1000,1e-10,180,3,pt 5-18.213,5,18.213,0,DISENT+P2B,,1,1.0331336,0.00029792359,0,0
x0.05_Q1000,0.05,1000,1e-10,180,3,pt 5-18.213,5,18.213,0,DISENT+P2B,,2,13.429612,0.034520728,0,0
x0.05_Q1000,0.05,1000,1e-10,180,3,pt 5-18.213,5,18.213,0,slicing+P2B,tau2=0.01,2,14.915415,0.033653688,1.4858031,0.043552998
x0.05_Q1000,0.05,1000,1e-10,180,3,pt 5-18.213,5,18.213,0,slicing+P2B,tau2=0.001,2,13.606338,0.097509579,0.17672571,0.098428081
x0.05_Q1000,0.05,1000,1e-10,180,3,pt 5-18.213,5,18.213,0,slicing+P2B,tau2=0.0001,2,13.693655,0.22252355,0.26404286,0.22184562
x0.05_Q1000,0.05,1000,1e-10,180,3,pt 5-18.213,5,18.213,0,slicing+P2B,tau2=1e-05,2,13.653543,0.45746836,0.22393064,0.45677299
x0.05_Q1000,0.05,1000,1e-10,180,3,pt 5-18.213,5,18.213,0,slicing+P2B,rho=0.1,2,15.098642,0.02432808,1.6690298,0.039040349
x0.05_Q1000,0.05,1000,1e-10,180,3,pt 5-18.213,5,18.213,0,slicing+P2B,rho=0.03,2,13.971647,0.047091491,0.54203492,0.053682937
x0.05_Q1000,0.05,1000,1e-10,180,3,pt 5-18.213,5,18.213,0,slicing+P2B,rho=0.01,2,13.575561,0.07751618,0.14594867,0.079945667
x0.05_Q1000,0.05,1000,1e-10,180,3,pt 5-18.213,5,18.213,0,slicing+P2B,rho=0.003,2,13.456472,0.12435385,0.026859123,0.12471935
x0.05_Q1000,0.05,1000,1e-10,180,3,pt 5-18.213,5,18.213,0,slicing+P2B,rho=0.001,2,13.511539,0.1837115,0.081926816,0.18331872
x0.05_Q1000,0.05,1000,1e-10,180,3,pt 5-18.213,5,18.213,0,slicing+P2B,rho=0.0003,2,13.619937,0.27341764,0.19032476,0.27278198
x0.05_Q1000,0.05,1000,1e-10,180,3,pt 5-18.213,5,18.213,0,slicing+P2B,rho=0.0001,2,13.552585,0.38560406,0.12297235,0.38495259
x0.05_Q1000,0.05,1000,1e-10,180,3,pt 5-18.213,5,18.213,0,pure tau1 slicing,tau1=0.1,1,0.89878521,0.00028610155,-0.1343484,0.00041305273
x0.05_Q1000,0.05,1000,1e-10,180,3,pt 5-18.213,5,18.213,0,pure tau1 slicing,tau1=0.1,2,15.701273,0.034805901,2.271661,0.010376746
x0.05_Q1000,0.05,1000,1e-10,180,3,pt 5-18.213,5,18.213,0,pure tau1 slicing,tau1=0.03,1,1.0272277,0.00029774568,-0.0059059591,0.0004212018
x0.05_Q1000,0.05,1000,1e-10,180,3,pt 5-18.213,5,18.213,0,pure tau1 slicing,tau1=0.03,2,13.765507,0.034603876,0.33589502,0.0025490407
x0.05_Q1000,0.05,1000,1e-10,180,3,pt 5-18.213,5,18.213,0,pure tau1 slicing,tau1=0.01,1,1.0331194,0.00029792368,-1.4263054e-05,0.00042132765
x0.05_Q1000,0.05,1000,1e-10,180,3,pt 5-18.213,5,18.213,0,pure tau1 slicing,tau1=0.01,2,13.431467,0.034520803,0.0018550052,7.7119557e-05
x0.05_Q1000,0.05,1000,1e-10,180,3,pt 5-18.213,5,18.213,0,pure tau1 slicing,tau1=0.003,1,1.0331336,0.00029792359,0,0.00042132758
x0.05_Q1000,0.05,1000,1e-10,180,3,pt 5-18.213,5,18.213,0,pure tau1 slicing,tau1=0.003,2,13.429612,0.034520728,0,0
x0.05_Q1000,0.05,1000,1e-10,180,3,pt 5-18.213,5,18.213,0,pure tau1 slicing,tau1=0.001,1,1.0331336,0.00029792359,0,0.00042132758
x0.05_Q1000,0.05,1000,1e-10,180,3,pt 5-18.213,5,18.213,0,pure tau1 slicing,tau1=0.001,2,13.429612,0.034520728,0,0
x0.05_Q1000,0.05,1000,1e-10,180,3,pt 5-18.213,5,18.213,0,pure tau1 slicing,tau1=0.0003,1,1.0331336,0.00029792359,0,0.00042132758
x0.05_Q1000,0.05,1000,1e-10,180,3,pt 5-18.213,5,18.213,0,pure tau1 slicing,tau1=0.0003,2,13.429612,0.034520728,0,0
x0.05_Q1000,0.05,1000,1e-10,180,3,pt 5-18.213,5,18.213,0,pure tau1 slicing,tau1=0.0001,1,1.0331336,0.00029792359,0,0.00042132758
x0.05_Q1000,0.05,1000,1e-10,180,3,pt 5-18.213,5,18.213,0,pure tau1 slicing,tau1=0.0001,2,13.429612,0.034520728,0,0
x0.05_Q1000,0.05,1000,1e-10,180,3,pt 5-18.213,5,18.213,0,pure tau1 slicing,tau1=3e-05,1,1.0331336,0.00029792359,0,0.00042132758
x0.05_Q1000,0.05,1000,1e-10,180,3,pt 5-18.213,5,18.213,0,pure tau1 slicing,tau1=3e-05,2,13.429612,0.034520728,0,0
x0.05_Q1000,0.05,1000,1e-10,180,3,pt 5-18.213,5,18.213,0,pure tau1 slicing,tau1=1e-05,1,1.0331336,0.00029792359,0,0.00042132758
x0.05_Q1000,0.05,1000,1e-10,180,3,pt 5-18.213,5,18.213,0,pure tau1 slicing,tau1=1e-05,2,13.429612,0.034520728,0,0
x0.05_Q1000,0.05,1000,1e-10,180,4,pt 18.213-25.498,18.213,25.498,0,DISENT+P2B,,1,5.7717252,0.0010900003,0,0
x0.05_Q1000,0.05,1000,1e-10,180,4,pt 18.213-25.498,18.213,25.498,0,DISENT+P2B,,2,48.212782,0.14401648,0,0
x0.05_Q1000,0.05,1000,1e-10,180,4,pt 18.213-25.498,18.213,25.498,0,slicing+P2B,tau2=0.01,2,60.623768,0.081084581,12.410986,0.15736193
x0.05_Q1000,0.05,1000,1e-10,180,4,pt 18.213-25.498,18.213,25.498,0,slicing+P2B,tau2=0.001,2,55.823692,0.26041551,7.6109094,0.2797992
x0.05_Q1000,0.05,1000,1e-10,180,4,pt 18.213-25.498,18.213,25.498,0,slicing+P2B,tau2=0.0001,2,50.228051,0.6197649,2.0152683,0.62192148
x0.05_Q1000,0.05,1000,1e-10,180,4,pt 18.213-25.498,18.213,25.498,0,slicing+P2B,tau2=1e-05,2,47.44873,1.3034786,-0.76405212,1.3018029
x0.05_Q1000,0.05,1000,1e-10,180,4,pt 18.213-25.498,18.213,25.498,0,slicing+P2B,rho=0.1,2,58.480299,0.11317333,10.267517,0.17361364
x0.05_Q1000,0.05,1000,1e-10,180,4,pt 18.213-25.498,18.213,25.498,0,slicing+P2B,rho=0.03,2,58.192043,0.20326315,9.9792608,0.23384199
x0.05_Q1000,0.05,1000,1e-10,180,4,pt 18.213-25.498,18.213,25.498,0,slicing+P2B,rho=0.01,2,54.81649,0.32188844,6.6037076,0.33634686
x0.05_Q1000,0.05,1000,1e-10,180,4,pt 18.213-25.498,18.213,25.498,0,slicing+P2B,rho=0.003,2,51.666546,0.50484444,3.4537643,0.51020834
x0.05_Q1000,0.05,1000,1e-10,180,4,pt 18.213-25.498,18.213,25.498,0,slicing+P2B,rho=0.001,2,50.202404,0.73564197,1.9896216,0.73697015
x0.05_Q1000,0.05,1000,1e-10,180,4,pt 18.213-25.498,18.213,25.498,0,slicing+P2B,rho=0.0003,2,48.881123,1.085401,0.66834055,1.0845382
x0.05_Q1000,0.05,1000,1e-10,180,4,pt 18.213-25.498,18.213,25.498,0,slicing+P2B,rho=0.0001,2,47.627978,1.5172041,-0.58480375,1.5155263
x0.05_Q1000,0.05,1000,1e-10,180,4,pt 18.213-25.498,18.213,25.498,0,pure tau1 slicing,tau1=0.1,1,3.1713651,0.00061895094,-2.6003601,0.0012534756
x0.05_Q1000,0.05,1000,1e-10,180,4,pt 18.213-25.498,18.213,25.498,0,pure tau1 slicing,tau1=0.1,2,48.081129,0.097734231,-0.13165315,0.11297386
x0.05_Q1000,0.05,1000,1e-10,180,4,pt 18.213-25.498,18.213,25.498,0,pure tau1 slicing,tau1=0.03,1,4.9928799,0.00098877663,-0.77884529,0.0014716589
x0.05_Q1000,0.05,1000,1e-10,180,4,pt 18.213-25.498,18.213,25.498,0,pure tau1 slicing,tau1=0.03,2,64.611024,0.1469011,16.398241,0.059440188
x0.05_Q1000,0.05,1000,1e-10,180,4,pt 18.213-25.498,18.213,25.498,0,pure tau1 slicing,tau1=0.01,1,5.6183916,0.0010776902,-0.15333364,0.0015328134
x0.05_Q1000,0.05,1000,1e-10,180,4,pt 18.213-25.498,18.213,25.498,0,pure tau1 slicing,tau1=0.01,2,56.301461,0.14811427,8.0886789,0.038044543
x0.05_Q1000,0.05,1000,1e-10,180,4,pt 18.213-25.498,18.213,25.498,0,pure tau1 slicing,tau1=0.003,1,5.7604573,0.0010896285,-0.011267956,0.0015412303
x0.05_Q1000,0.05,1000,1e-10,180,4,pt 18.213-25.498,18.213,25.498,0,pure tau1 slicing,tau1=0.003,2,49.382945,0.14465362,1.1701632,0.013735797
x0.05_Q1000,0.05,1000,1e-10,180,4,pt 18.213-25.498,18.213,25.498,0,pure tau1 slicing,tau1=0.001,1,5.7716263,0.001090001,-9.8921312e-05,0.0015414937
x0.05_Q1000,0.05,1000,1e-10,180,4,pt 18.213-25.498,18.213,25.498,0,pure tau1 slicing,tau1=0.001,2,48.231256,0.14401967,0.018473778,0.0009301974
x0.05_Q1000,0.05,1000,1e-10,180,4,pt 18.213-25.498,18.213,25.498,0,pure tau1 slicing,tau1=0.0003,1,5.7717252,0.0010900003,0,0.0015414932
x0.05_Q1000,0.05,1000,1e-10,180,4,pt 18.213-25.498,18.213,25.498,0,pure tau1 slicing,tau1=0.0003,2,48.212782,0.14401648,0,0
x0.05_Q1000,0.05,1000,1e-10,180,4,pt 18.213-25.498,18.213,25.498,0,pure tau1 slicing,tau1=0.0001,1,5.7717252,0.0010900003,0,0.0015414932
x0.05_Q1000,0.05,1000,1e-10,180,4,pt 18.213-25.498,18.213,25.498,0,pure tau1 slicing,tau1=0.0001,2,48.212782,0.14401648,0,0
x0.05_Q1000,0.05,1000,1e-10,180,4,pt 18.213-25.498,18.213,25.498,0,pure tau1 slicing,tau1=3e-05,1,5.7717252,0.0010900003,0,0.0015414932
x0.05_Q1000,0.05,1000,1e-10,180,4,pt 18.213-25.498,18.213,25.498,0,pure tau1 slicing,tau1=3e-05,2,48.212782,0.14401648,0,0
x0.05_Q1000,0.05,1000,1e-10,180,4,pt 18.213-25.498,18.213,25.498,0,pure tau1 slicing,tau1=1e-05,1,5.7717252,0.0010900003,0,0.0015414932
x0.05_Q1000,0.05,1000,1e-10,180,4,pt 18.213-25.498,18.213,25.498,0,pure tau1 slicing,tau1=1e-05,2,48.212782,0.14401648,0,0
x0.05_Q1000,0.05,1000,1e-10,180,5,pt 25.498-27.319,25.498,27.319,0,DISENT+P2B,,1,6.6878742,0.0025022653,0,0
x0.05_Q1000,0.05,1000,1e-10,180,5,pt 25.498-27.319,25.498,27.319,0,DISENT+P2B,,2,61.60589,0.41306514,0,0
x0.05_Q1000,0.05,1000,1e-10,180,5,pt 25.498-27.319,25.498,27.319,0,slicing+P2B,tau2=0.01,2,33.373605,0.079542316,-28.232285,0.41399488
x0.05_Q1000,0.05,1000,1e-10,180,5,pt 25.498-27.319,25.498,27.319,0,slicing+P2B,tau2=0.001,2,62.973855,0.35981666,1.3679645,0.50411479
x0.05_Q1000,0.05,1000,1e-10,180,5,pt 25.498-27.319,25.498,27.319,0,slicing+P2B,tau2=0.0001,2,67.571186,0.92198269,5.9652955,0.95126286
x0.05_Q1000,0.05,1000,1e-10,180,5,pt 25.498-27.319,25.498,27.319,0,slicing+P2B,tau2=1e-05,2,62.976384,2.0080733,1.3704935,2.0069225
x0.05_Q1000,0.05,1000,1e-10,180,5,pt 25.498-27.319,25.498,27.319,0,slicing+P2B,rho=0.1,2,28.358626,0.35760143,-33.247264,0.52167939
x0.05_Q1000,0.05,1000,1e-10,180,5,pt 25.498-27.319,25.498,27.319,0,slicing+P2B,rho=0.03,2,57.638614,0.59482074,-3.9672762,0.68191538
x0.05_Q1000,0.05,1000,1e-10,180,5,pt 25.498-27.319,25.498,27.319,0,slicing+P2B,rho=0.01,2,65.784517,0.89551104,4.178627,0.93893974
x0.05_Q1000,0.05,1000,1e-10,180,5,pt 25.498-27.319,25.498,27.319,0,slicing+P2B,rho=0.003,2,66.995179,1.3547293,5.3892889,1.3707877
x0.05_Q1000,0.05,1000,1e-10,180,5,pt 25.498-27.319,25.498,27.319,0,slicing+P2B,rho=0.001,2,65.200504,1.9296816,3.5946139,1.9334098
x0.05_Q1000,0.05,1000,1e-10,180,5,pt 25.498-27.319,25.498,27.319,0,slicing+P2B,rho=0.0003,2,60.335023,2.7808466,-1.2708671,2.7783658
x0.05_Q1000,0.05,1000,1e-10,180,5,pt 25.498-27.319,25.498,27.319,0,slicing+P2B,rho=0.0001,2,57.654689,3.8392209,-3.9512013,3.8344614
x0.05_Q1000,0.05,1000,1e-10,180,5,pt 25.498-27.319,25.498,27.319,0,pure tau1 slicing,tau1=0.1,1,1.1369277,0.00048970696,-5.5509465,0.0025497342
x0.05_Q1000,0.05,1000,1e-10,180,5,pt 25.498-27.319,25.498,27.319,0,pure tau1 slicing,tau1=0.1,2,40.872351,0.10703715,-20.73354,0.41561523
x0.05_Q1000,0.05,1000,1e-10,180,5,pt 25.498-27.319,25.498,27.319,0,pure tau1 slicing,tau1=0.03,1,2.7487668,0.0011839043,-3.9391074,0.0027682053
x0.05_Q1000,0.05,1000,1e-10,180,5,pt 25.498-27.319,25.498,27.319,0,pure tau1 slicing,tau1=0.03,2,106.31633,0.27546087,44.71044,0.33110533
x0.05_Q1000,0.05,1000,1e-10,180,5,pt 25.498-27.319,25.498,27.319,0,pure tau1 slicing,tau1=0.01,1,4.9507516,0.002109468,-1.7371226,0.003272795
x0.05_Q1000,0.05,1000,1e-10,180,5,pt 25.498-27.319,25.498,27.319,0,pure tau1 slicing,tau1=0.01,2,120.97144,0.42181554,59.365553,0.19829784
x0.05_Q1000,0.05,1000,1e-10,180,5,pt 25.498-27.319,25.498,27.319,0,pure tau1 slicing,tau1=0.003,1,6.209303,0.0024316021,-0.47857123,0.0034891289
x0.05_Q1000,0.05,1000,1e-10,180,5,pt 25.498-27.319,25.498,27.319,0,pure tau1 slicing,tau1=0.003,2,96.285341,0.43759503,34.679451,0.16035071
x0.05_Q1000,0.05,1000,1e-10,180,5,pt 25.498-27.319,25.498,27.319,0,pure tau1 slicing,tau1=0.001,1,6.5949367,0.0024933529,-0.092937541,0.0035324411
x0.05_Q1000,0.05,1000,1e-10,180,5,pt 25.498-27.319,25.498,27.319,0,pure tau1 slicing,tau1=0.001,2,72.913111,0.42753033,11.307221,0.11127374
x0.05_Q1000,0.05,1000,1e-10,180,5,pt 25.498-27.319,25.498,27.319,0,pure tau1 slicing,tau1=0.0003,1,6.6825519,0.0025020615,-0.0053223447,0.0035385934
x0.05_Q1000,0.05,1000,1e-10,180,5,pt 25.498-27.319,25.498,27.319,0,pure tau1 slicing,tau1=0.0003,2,62.611413,0.41394178,1.0055224,0.026881474
x0.05_Q1000,0.05,1000,1e-10,180,5,pt 25.498-27.319,25.498,27.319,0,pure tau1 slicing,tau1=0.0001,1,6.6878612,0.0025022653,-1.3037893e-05,0.0035387375
x0.05_Q1000,0.05,1000,1e-10,180,5,pt 25.498-27.319,25.498,27.319,0,pure tau1 slicing,tau1=0.0001,2,61.609049,0.41306538,0.0031589255,0.00038669966
x0.05_Q1000,0.05,1000,1e-10,180,5,pt 25.498-27.319,25.498,27.319,0,pure tau1 slicing,tau1=3e-05,1,6.6878742,0.0025022653,0,0.0035387375
x0.05_Q1000,0.05,1000,1e-10,180,5,pt 25.498-27.319,25.498,27.319,0,pure tau1 slicing,tau1=3e-05,2,61.60589,0.41306514,0,0
x0.05_Q1000,0.05,1000,1e-10,180,5,pt 25.498-27.319,25.498,27.319,0,pure tau1 slicing,tau1=1e-05,1,6.6878742,0.0025022653,0,0.0035387375
x0.05_Q1000,0.05,1000,1e-10,180,5,pt 25.498-27.319,25.498,27.319,0,pure tau1 slicing,tau1=1e-05,2,61.60589,0.41306514,0,0
x0.05_Q1000,0.05,1000,1e-10,180,6,pt 27.319-29.14,27.319,29.14,1,DISENT+P2B,,1,-23.804267,0.0032842055,0,0
x0.05_Q1000,0.05,1000,1e-10,180,6,pt 27.319-29.14,27.319,29.14,1,DISENT+P2B,,2,-207.76959,0.45036012,0,0
x0.05_Q1000,0.05,1000,1e-10,180,6,pt 27.319-29.14,27.319,29.14,1,slicing+P2B,tau2=0.01,2,-172.33732,0.14702854,35.432266,0.46723623
x0.05_Q1000,0.05,1000,1e-10,180,6,pt 27.319-29.14,27.319,29.14,1,slicing+P2B,tau2=0.001,2,-209.4749,0.57588999,-1.7053063,0.69262388
x0.05_Q1000,0.05,1000,1e-10,180,6,pt 27.319-29.14,27.319,29.14,1,slicing+P2B,tau2=0.0001,2,-217.82486,1.4486891,-10.055271,1.4705769
x0.05_Q1000,0.05,1000,1e-10,180,6,pt 27.319-29.14,27.319,29.14,1,slicing+P2B,tau2=1e-05,2,-210.93907,3.1211533,-3.1694842,3.1195998
x0.05_Q1000,0.05,1000,1e-10,180,6,pt 27.319-29.14,27.319,29.14,1,slicing+P2B,rho=0.1,2,-152.90726,0.55636976,54.862332,0.69083695
x0.05_Q1000,0.05,1000,1e-10,180,6,pt 27.319-29.14,27.319,29.14,1,slicing+P2B,rho=0.03,2,-205.4455,0.91094488,2.3240857,0.97787969
x0.05_Q1000,0.05,1000,1e-10,180,6,pt 27.319-29.14,27.319,29.14,1,slicing+P2B,rho=0.01,2,-216.61744,1.3575191,-8.8478555,1.3896524
x0.05_Q1000,0.05,1000,1e-10,180,6,pt 27.319-29.14,27.319,29.14,1,slicing+P2B,rho=0.003,2,-216.81236,2.0437335,-9.0427685,2.0549271
x0.05_Q1000,0.05,1000,1e-10,180,6,pt 27.319-29.14,27.319,29.14,1,slicing+P2B,rho=0.001,2,-213.64393,2.9006413,-5.8743425,2.9023482
x0.05_Q1000,0.05,1000,1e-10,180,6,pt 27.319-29.14,27.319,29.14,1,slicing+P2B,rho=0.0003,2,-209.53609,4.1945786,-1.7664996,4.191439
x0.05_Q1000,0.05,1000,1e-10,180,6,pt 27.319-29.14,27.319,29.14,1,slicing+P2B,rho=0.0001,2,-205.06359,5.7865159,2.7060026,5.7815125
x0.05_Q1000,0.05,1000,1e-10,180,6,pt 27.319-29.14,27.319,29.14,1,pure tau1 slicing,tau1=0.1,1,-10.165,0.00078826467,13.639266,0.0033774794
x0.05_Q1000,0.05,1000,1e-10,180,6,pt 27.319-29.14,27.319,29.14,1,pure tau1 slicing,tau1=0.1,2,-166.82783,0.14965083,40.941763,0.45206856
x0.05_Q1000,0.05,1000,1e-10,180,6,pt 27.319-29.14,27.319,29.14,1,pure tau1 slicing,tau1=0.03,1,-15.390337,0.0027741697,8.4139301,0.0042990724
x0.05_Q1000,0.05,1000,1e-10,180,6,pt 27.319-29.14,27.319,29.14,1,pure tau1 slicing,tau1=0.03,2,-302.5383,0.54917233,-94.768706,0.5865506
x0.05_Q1000,0.05,1000,1e-10,180,6,pt 27.319-29.14,27.319,29.14,1,pure tau1 slicing,tau1=0.01,1,-19.920946,0.0067488399,3.8833204,0.007505521
x0.05_Q1000,0.05,1000,1e-10,180,6,pt 27.319-29.14,27.319,29.14,1,pure tau1 slicing,tau1=0.01,2,-332.7558,1.3441188,-124.98621,1.2886143
x0.05_Q1000,0.05,1000,1e-10,180,6,pt 27.319-29.14,27.319,29.14,1,pure tau1 slicing,tau1=0.003,1,-22.601669,0.015383953,1.202598,0.015730607
x0.05_Q1000,0.05,1000,1e-10,180,6,pt 27.319-29.14,27.319,29.14,1,pure tau1 slicing,tau1=0.003,2,-285.42571,4.049226,-77.656122,4.025494
x0.05_Q1000,0.05,1000,1e-10,180,6,pt 27.319-29.14,27.319,29.14,1,pure tau1 slicing,tau1=0.001,1,-23.503411,0.029736328,0.30085516,0.029917139
x0.05_Q1000,0.05,1000,1e-10,180,6,pt 27.319-29.14,27.319,29.14,1,pure tau1 slicing,tau1=0.001,2,-262.22183,10.370066,-54.452245,10.360093
x0.05_Q1000,0.05,1000,1e-10,180,6,pt 27.319-29.14,27.319,29.14,1,pure tau1 slicing,tau1=0.0003,1,-23.764244,0.058135228,0.040022919,0.058227921
x0.05_Q1000,0.05,1000,1e-10,180,6,pt 27.319-29.14,27.319,29.14,1,pure tau1 slicing,tau1=0.0003,2,-213.26367,22.440283,-5.4940771,22.435575
x0.05_Q1000,0.05,1000,1e-10,180,6,pt 27.319-29.14,27.319,29.14,1,pure tau1 slicing,tau1=0.0001,1,-23.899153,0.10423217,-0.094886027,0.1042839
x0.05_Q1000,0.05,1000,1e-10,180,6,pt 27.319-29.14,27.319,29.14,1,pure tau1 slicing,tau1=0.0001,2,-214.43865,49.35082,-6.6690567,49.348715
x0.05_Q1000,0.05,1000,1e-10,180,6,pt 27.319-29.14,27.319,29.14,1,pure tau1 slicing,tau1=3e-05,1,-23.94454,0.19582068,-0.14027328,0.19584822
x0.05_Q1000,0.05,1000,1e-10,180,6,pt 27.319-29.14,27.319,29.14,1,pure tau1 slicing,tau1=3e-05,2,-262.43973,126.43804,-54.670146,126.43726
x0.05_Q1000,0.05,1000,1e-10,180,6,pt 27.319-29.14,27.319,29.14,1,pure tau1 slicing,tau1=1e-05,1,-24.049898,0.34321602,-0.24563134,0.34323173
x0.05_Q1000,0.05,1000,1e-10,180,6,pt 27.319-29.14,27.319,29.14,1,pure tau1 slicing,tau1=1e-05,2,-497.97164,266.37418,-290.20205,266.37384
x0.05_Q1000,0.05,1000,1e-10,180,7,pt 29.14-30.962,29.14,30.962,0,DISENT+P2B,,1,5.1475139,0.0019588321,0,0
x0.05_Q1000,0.05,1000,1e-10,180,7,pt 29.14-30.962,29.14,30.962,0,DISENT+P2B,,2,43.002158,0.17326172,0,0
x0.05_Q1000,0.05,1000,1e-10,180,7,pt 29.14-30.962,29.14,30.962,0,slicing+P2B,tau2=0.01,2,22.418749,0.073648993,-20.583409,0.18177701
x0.05_Q1000,0.05,1000,1e-10,180,7,pt 29.14-30.962,29.14,30.962,0,slicing+P2B,tau2=0.001,2,34.434444,0.3238827,-8.5677145,0.34811855
x0.05_Q1000,0.05,1000,1e-10,180,7,pt 29.14-30.962,29.14,30.962,0,slicing+P2B,tau2=0.0001,2,44.23683,0.82302745,1.2346715,0.82376567
x0.05_Q1000,0.05,1000,1e-10,180,7,pt 29.14-30.962,29.14,30.962,0,slicing+P2B,tau2=1e-05,2,43.82633,1.7681746,0.82417139,1.7649359
x0.05_Q1000,0.05,1000,1e-10,180,7,pt 29.14-30.962,29.14,30.962,0,slicing+P2B,rho=0.1,2,11.913069,0.40348997,-31.089089,0.42454073
x0.05_Q1000,0.05,1000,1e-10,180,7,pt 29.14-30.962,29.14,30.962,0,slicing+P2B,rho=0.03,2,34.040479,0.64567965,-8.9616795,0.65154539
x0.05_Q1000,0.05,1000,1e-10,180,7,pt 29.14-30.962,29.14,30.962,0,slicing+P2B,rho=0.01,2,40.690556,0.94378165,-2.3116018,0.9438311
x0.05_Q1000,0.05,1000,1e-10,180,7,pt 29.14-30.962,29.14,30.962,0,slicing+P2B,rho=0.003,2,42.485878,1.4007953,-0.51628051,1.3983561
x0.05_Q1000,0.05,1000,1e-10,180,7,pt 29.14-30.962,29.14,30.962,0,slicing+P2B,rho=0.001,2,42.603647,1.967194,-0.39851137,1.9638028
x0.05_Q1000,0.05,1000,1e-10,180,7,pt 29.14-30.962,29.14,30.962,0,slicing+P2B,rho=0.0003,2,44.406018,2.8386027,1.4038601,2.8349823
x0.05_Q1000,0.05,1000,1e-10,180,7,pt 29.14-30.962,29.14,30.962,0,slicing+P2B,rho=0.0001,2,44.463192,3.8989333,1.4610335,3.8953702
x0.05_Q1000,0.05,1000,1e-10,180,7,pt 29.14-30.962,29.14,30.962,0,pure tau1 slicing,tau1=0.1,1,0.75507941,0.00036466378,-4.3924345,0.0019924866
x0.05_Q1000,0.05,1000,1e-10,180,7,pt 29.14-30.962,29.14,30.962,0,pure tau1 slicing,tau1=0.1,2,31.10942,0.046697019,-11.892738,0.16977421
x0.05_Q1000,0.05,1000,1e-10,180,7,pt 29.14-30.962,29.14,30.962,0,pure tau1 slicing,tau1=0.03,1,1.9489847,0.00088048372,-3.1985292,0.0021476207
x0.05_Q1000,0.05,1000,1e-10,180,7,pt 29.14-30.962,29.14,30.962,0,pure tau1 slicing,tau1=0.03,2,79.445406,0.10914224,36.443247,0.16939442
x0.05_Q1000,0.05,1000,1e-10,180,7,pt 29.14-30.962,29.14,30.962,0,pure tau1 slicing,tau1=0.01,1,3.3098627,0.0014102407,-1.8376512,0.0024136698
x0.05_Q1000,0.05,1000,1e-10,180,7,pt 29.14-30.962,29.14,30.962,0,pure tau1 slicing,tau1=0.01,2,103.80899,0.18289808,60.806827,0.18466538
x0.05_Q1000,0.05,1000,1e-10,180,7,pt 29.14-30.962,29.14,30.962,0,pure tau1 slicing,tau1=0.003,1,4.4662081,0.0017953966,-0.68130579,0.0026571549
x0.05_Q1000,0.05,1000,1e-10,180,7,pt 29.14-30.962,29.14,30.962,0,pure tau1 slicing,tau1=0.003,2,89.821244,0.2335214,46.819086,0.18985114
x0.05_Q1000,0.05,1000,1e-10,180,7,pt 29.14-30.962,29.14,30.962,0,pure tau1 slicing,tau1=0.001,1,4.9740478,0.0019285152,-0.17346613,0.0027488532
x0.05_Q1000,0.05,1000,1e-10,180,7,pt 29.14-30.962,29.14,30.962,0,pure tau1 slicing,tau1=0.001,2,62.568773,0.23177073,19.566615,0.16212567
x0.05_Q1000,0.05,1000,1e-10,180,7,pt 29.14-30.962,29.14,30.962,0,pure tau1 slicing,tau1=0.0003,1,5.1303945,0.0019572156,-0.017119358,0.0027690641
x0.05_Q1000,0.05,1000,1e-10,180,7,pt 29.14-30.962,29.14,30.962,0,pure tau1 slicing,tau1=0.0003,2,45.963346,0.18112092,2.9611875,0.053819283
x0.05_Q1000,0.05,1000,1e-10,180,7,pt 29.14-30.962,29.14,30.962,0,pure tau1 slicing,tau1=0.0001,1,5.1472216,0.0019588275,-0.00029231433,0.0027702037
x0.05_Q1000,0.05,1000,1e-10,180,7,pt 29.14-30.962,29.14,30.962,0,pure tau1 slicing,tau1=0.0001,2,43.07941,0.17337586,0.07725214,0.0062720041
x0.05_Q1000,0.05,1000,1e-10,180,7,pt 29.14-30.962,29.14,30.962,0,pure tau1 slicing,tau1=3e-05,1,5.1475139,0.0019588321,0,0.002770207
x0.05_Q1000,0.05,1000,1e-10,180,7,pt 29.14-30.962,29.14,30.962,0,pure tau1 slicing,tau1=3e-05,2,43.002158,0.17326172,0,0
x0.05_Q1000,0.05,1000,1e-10,180,7,pt 29.14-30.962,29.14,30.962,0,pure tau1 slicing,tau1=1e-05,1,5.1475139,0.0019588321,0,0.002770207
x0.05_Q1000,0.05,1000,1e-10,180,7,pt 29.14-30.962,29.14,30.962,0,pure tau1 slicing,tau1=1e-05,2,43.002158,0.17326172,0,0
x0.05_Q1000,0.05,1000,1e-10,180,8,pt 30.962-36.425,30.962,36.425,0,DISENT+P2B,,1,2.341713,0.00061337853,0,0
x0.05_Q1000,0.05,1000,1e-10,180,8,pt 30.962-36.425,30.962,36.425,0,DISENT+P2B,,2,24.528621,0.045150844,0,0
x0.05_Q1000,0.05,1000,1e-10,180,8,pt 30.962-36.425,30.962,36.425,0,slicing+P2B,tau2=0.01,2,23.405496,0.05401253,-1.1231253,0.066412752
x0.05_Q1000,0.05,1000,1e-10,180,8,pt 30.962-36.425,30.962,36.425,0,slicing+P2B,tau2=0.001,2,25.526586,0.16802163,0.99796464,0.16936017
x0.05_Q1000,0.05,1000,1e-10,180,8,pt 30.962-36.425,30.962,36.425,0,slicing+P2B,tau2=0.0001,2,25.019885,0.39313053,0.4912632,0.39243108
x0.05_Q1000,0.05,1000,1e-10,180,8,pt 30.962-36.425,30.962,36.425,0,slicing+P2B,tau2=1e-05,2,25.94722,0.82168583,1.4185991,0.82076011
x0.05_Q1000,0.05,1000,1e-10,180,8,pt 30.962-36.425,30.962,36.425,0,slicing+P2B,rho=0.1,2,21.977282,0.091661676,-2.5513395,0.098021551
x0.05_Q1000,0.05,1000,1e-10,180,8,pt 30.962-36.425,30.962,36.425,0,slicing+P2B,rho=0.03,2,24.540966,0.15658694,0.012344408,0.1585622
x0.05_Q1000,0.05,1000,1e-10,180,8,pt 30.962-36.425,30.962,36.425,0,slicing+P2B,rho=0.01,2,24.681199,0.23913148,0.15257805,0.23939349
x0.05_Q1000,0.05,1000,1e-10,180,8,pt 30.962-36.425,30.962,36.425,0,slicing+P2B,rho=0.003,2,25.193193,0.36705723,0.66457157,0.36647412
x0.05_Q1000,0.05,1000,1e-10,180,8,pt 30.962-36.425,30.962,36.425,0,slicing+P2B,rho=0.001,2,25.024617,0.52718401,0.49599618,0.52630892
x0.05_Q1000,0.05,1000,1e-10,180,8,pt 30.962-36.425,30.962,36.425,0,slicing+P2B,rho=0.0003,2,25.221451,0.76576813,0.69283014,0.76480771
x0.05_Q1000,0.05,1000,1e-10,180,8,pt 30.962-36.425,30.962,36.425,0,slicing+P2B,rho=0.0001,2,24.779909,1.0586496,0.2512877,1.0577452
x0.05_Q1000,0.05,1000,1e-10,180,8,pt 30.962-36.425,30.962,36.425,0,pure tau1 slicing,tau1=0.1,1,1.0001419,0.00030574875,-1.3415712,0.00068535795
x0.05_Q1000,0.05,1000,1e-10,180,8,pt 30.962-36.425,30.962,36.425,0,pure tau1 slicing,tau1=0.1,2,24.482133,0.029487309,-0.046488279,0.042707043
x0.05_Q1000,0.05,1000,1e-10,180,8,pt 30.962-36.425,30.962,36.425,0,pure tau1 slicing,tau1=0.03,1,1.7878316,0.00050546917,-0.55388141,0.00079481589
x0.05_Q1000,0.05,1000,1e-10,180,8,pt 30.962-36.425,30.962,36.425,0,pure tau1 slicing,tau1=0.03,2,35.653282,0.048461136,11.12466,0.041827626
x0.05_Q1000,0.05,1000,1e-10,180,8,pt 30.962-36.425,30.962,36.425,0,pure tau1 slicing,tau1=0.01,1,2.1939521,0.00059169718,-0.14776093,0.00085225511
x0.05_Q1000,0.05,1000,1e-10,180,8,pt 30.962-36.425,30.962,36.425,0,pure tau1 slicing,tau1=0.01,2,31.844333,0.053060414,7.3157116,0.033340597
x0.05_Q1000,0.05,1000,1e-10,180,8,pt 30.962-36.425,30.962,36.425,0,pure tau1 slicing,tau1=0.003,1,2.3273313,0.00061225411,-0.014381781,0.00086665352
x0.05_Q1000,0.05,1000,1e-10,180,8,pt 30.962-36.425,30.962,36.425,0,pure tau1 slicing,tau1=0.003,2,25.950791,0.04744203,1.4221696,0.015338139
x0.05_Q1000,0.05,1000,1e-10,180,8,pt 30.962-36.425,30.962,36.425,0,pure tau1 slicing,tau1=0.001,1,2.3414928,0.00061337659,-0.00022027298,0.00086744686
x0.05_Q1000,0.05,1000,1e-10,180,8,pt 30.962-36.425,30.962,36.425,0,pure tau1 slicing,tau1=0.001,2,24.566129,0.045182221,0.037507886,0.0016767947
x0.05_Q1000,0.05,1000,1e-10,180,8,pt 30.962-36.425,30.962,36.425,0,pure tau1 slicing,tau1=0.0003,1,2.341713,0.00061337853,0,0.00086744824
x0.05_Q1000,0.05,1000,1e-10,180,8,pt 30.962-36.425,30.962,36.425,0,pure tau1 slicing,tau1=0.0003,2,24.528621,0.045150844,0,0
x0.05_Q1000,0.05,1000,1e-10,180,8,pt 30.962-36.425,30.962,36.425,0,pure tau1 slicing,tau1=0.0001,1,2.341713,0.00061337853,0,0.00086744824
x0.05_Q1000,0.05,1000,1e-10,180,8,pt 30.962-36.425,30.962,36.425,0,pure tau1 slicing,tau1=0.0001,2,24.528621,0.045150844,0,0
x0.05_Q1000,0.05,1000,1e-10,180,8,pt 30.962-36.425,30.962,36.425,0,pure tau1 slicing,tau1=3e-05,1,2.341713,0.00061337853,0,0.00086744824
x0.05_Q1000,0.05,1000,1e-10,180,8,pt 30.962-36.425,30.962,36.425,0,pure tau1 slicing,tau1=3e-05,2,24.528621,0.045150844,0,0
x0.05_Q1000,0.05,1000,1e-10,180,8,pt 30.962-36.425,30.962,36.425,0,pure tau1 slicing,tau1=1e-05,1,2.341713,0.00061337853,0,0.00086744824
x0.05_Q1000,0.05,1000,1e-10,180,8,pt 30.962-36.425,30.962,36.425,0,pure tau1 slicing,tau1=1e-05,2,24.528621,0.045150844,0,0
x0.05_Q1000,0.05,1000,1e-10,180,9,pt 36.425-72.851,36.425,72.851,0,DISENT+P2B,,1,0.57555238,0.00012954522,0,0
x0.05_Q1000,0.05,1000,1e-10,180,9,pt 36.425-72.851,36.425,72.851,0,DISENT+P2B,,2,3.1986538,0.0097010639,0,0
x0.05_Q1000,0.05,1000,1e-10,180,9,pt 36.425-72.851,36.425,72.851,0,slicing+P2B,tau2=0.01,2,3.8204199,0.020467027,0.62176618,0.021722162
x0.05_Q1000,0.05,1000,1e-10,180,9,pt 36.425-72.851,36.425,72.851,0,slicing+P2B,tau2=0.001,2,3.2981561,0.054288285,0.099502364,0.054366197
x0.05_Q1000,0.05,1000,1e-10,180,9,pt 36.425-72.851,36.425,72.851,0,slicing+P2B,tau2=0.0001,2,3.2580956,0.11982497,0.059441832,0.11967245
x0.05_Q1000,0.05,1000,1e-10,180,9,pt 36.425-72.851,36.425,72.851,0,slicing+P2B,tau2=1e-05,2,3.3351017,0.24218543,0.13644792,0.24201408
x0.05_Q1000,0.05,1000,1e-10,180,9,pt 36.425-72.851,36.425,72.851,0,slicing+P2B,rho=0.1,2,3.3260139,0.017056255,0.12736018,0.018792288
x0.05_Q1000,0.05,1000,1e-10,180,9,pt 36.425-72.851,36.425,72.851,0,slicing+P2B,rho=0.03,2,3.2756023,0.030426611,0.07694856,0.031074235
x0.05_Q1000,0.05,1000,1e-10,180,9,pt 36.425-72.851,36.425,72.851,0,slicing+P2B,rho=0.01,2,3.2644414,0.047663533,0.065787602,0.047850535
x0.05_Q1000,0.05,1000,1e-10,180,9,pt 36.425-72.851,36.425,72.851,0,slicing+P2B,rho=0.003,2,3.2009872,0.073799741,0.0023334203,0.073758978
x0.05_Q1000,0.05,1000,1e-10,180,9,pt 36.425-72.851,36.425,72.851,0,slicing+P2B,rho=0.001,2,3.2876664,0.10695883,0.089012679,0.10683011
x0.05_Q1000,0.05,1000,1e-10,180,9,pt 36.425-72.851,36.425,72.851,0,slicing+P2B,rho=0.0003,2,3.2730758,0.15651031,0.074422011,0.15634733
x0.05_Q1000,0.05,1000,1e-10,180,9,pt 36.425-72.851,36.425,72.851,0,slicing+P2B,rho=0.0001,2,3.2229454,0.2178818,0.024291641,0.21771947
x0.05_Q1000,0.05,1000,1e-10,180,9,pt 36.425-72.851,36.425,72.851,0,pure tau1 slicing,tau1=0.1,1,0.45235296,0.00010970898,-0.12319942,0.00016975873
x0.05_Q1000,0.05,1000,1e-10,180,9,pt 36.425-72.851,36.425,72.851,0,pure tau1 slicing,tau1=0.1,2,5.0768015,0.010020488,1.8781477,0.0070335249
x0.05_Q1000,0.05,1000,1e-10,180,9,pt 36.425-72.851,36.425,72.851,0,pure tau1 slicing,tau1=0.03,1,0.56156436,0.00012818221,-0.013988018,0.00018224337
x0.05_Q1000,0.05,1000,1e-10,180,9,pt 36.425-72.851,36.425,72.851,0,pure tau1 slicing,tau1=0.03,2,3.8497046,0.010190357,0.65105081,0.0036266448
x0.05_Q1000,0.05,1000,1e-10,180,9,pt 36.425-72.851,36.425,72.851,0,pure tau1 slicing,tau1=0.01,1,0.57529696,0.0001295414,-0.00025541712,0.00018320191
x0.05_Q1000,0.05,1000,1e-10,180,9,pt 36.425-72.851,36.425,72.851,0,pure tau1 slicing,tau1=0.01,2,3.2243634,0.0097161085,0.025709626,0.00054957226
x0.05_Q1000,0.05,1000,1e-10,180,9,pt 36.425-72.851,36.425,72.851,0,pure tau1 slicing,tau1=0.003,1,0.57555238,0.00012954522,0,0.00018320461
x0.05_Q1000,0.05,1000,1e-10,180,9,pt 36.425-72.851,36.425,72.851,0,pure tau1 slicing,tau1=0.003,2,3.1986538,0.0097010639,0,0
x0.05_Q1000,0.05,1000,1e-10,180,9,pt 36.425-72.851,36.425,72.851,0,pure tau1 slicing,tau1=0.001,1,0.57555238,0.00012954522,0,0.00018320461
x0.05_Q1000,0.05,1000,1e-10,180,9,pt 36.425-72.851,36.425,72.851,0,pure tau1 slicing,tau1=0.001,2,3.1986538,0.0097010639,0,0
x0.05_Q1000,0.05,1000,1e-10,180,9,pt 36.425-72.851,36.425,72.851,0,pure tau1 slicing,tau1=0.0003,1,0.57555238,0.00012954522,0,0.00018320461
x0.05_Q1000,0.05,1000,1e-10,180,9,pt 36.425-72.851,36.425,72.851,0,pure tau1 slicing,tau1=0.0003,2,3.1986538,0.0097010639,0,0
x0.05_Q1000,0.05,1000,1e-10,180,9,pt 36.425-72.851,36.425,72.851,0,pure tau1 slicing,tau1=0.0001,1,0.57555238,0.00012954522,0,0.00018320461
x0.05_Q1000,0.05,1000,1e-10,180,9,pt 36.425-72.851,36.425,72.851,0,pure tau1 slicing,tau1=0.0001,2,3.1986538,0.0097010639,0,0
x0.05_Q1000,0.05,1000,1e-10,180,9,pt 36.425-72.851,36.425,72.851,0,pure tau1 slicing,tau1=3e-05,1,0.57555238,0.00012954522,0,0.00018320461
x0.05_Q1000,0.05,1000,1e-10,180,9,pt 36.425-72.851,36.425,72.851,0,pure tau1 slicing,tau1=3e-05,2,3.1986538,0.0097010639,0,0
x0.05_Q1000,0.05,1000,1e-10,180,9,pt 36.425-72.851,36.425,72.851,0,pure tau1 slicing,tau1=1e-05,1,0.57555238,0.00012954522,0,0.00018320461
x0.05_Q1000,0.05,1000,1e-10,180,9,pt 36.425-72.851,36.425,72.851,0,pure tau1 slicing,tau1=1e-05,2,3.1986538,0.0097010639,0,0
x0.05_Q1000,0.05,1000,1e-10,180,10,eta -1..0.693,-1,0.693,0,DISENT+P2B,,1,0.73783295,0.00025660672,0,0
x0.05_Q1000,0.05,1000,1e-10,180,10,eta -1..0.693,-1,0.693,0,DISENT+P2B,,2,-0.82877393,0.025732074,0,0
x0.05_Q1000,0.05,1000,1e-10,180,10,eta -1..0.693,-1,0.693,0,slicing+P2B,tau2=0.01,2,1.4156767,0.025994982,2.2444506,0.034239847
x0.05_Q1000,0.05,1000,1e-10,180,10,eta -1..0.693,-1,0.693,0,slicing+P2B,tau2=0.001,2,-0.43289672,0.079480546,0.39587721,0.080454086
x0.05_Q1000,0.05,1000,1e-10,180,10,eta -1..0.693,-1,0.693,0,slicing+P2B,tau2=0.0001,2,-0.63855718,0.18457024,0.19021676,0.18404876
x0.05_Q1000,0.05,1000,1e-10,180,10,eta -1..0.693,-1,0.693,0,slicing+P2B,tau2=1e-05,2,-0.66685401,0.38181126,0.16191992,0.38112608
x0.05_Q1000,0.05,1000,1e-10,180,10,eta -1..0.693,-1,0.693,0,slicing+P2B,rho=0.1,2,0.91298422,0.027751609,1.7417582,0.03604853
x0.05_Q1000,0.05,1000,1e-10,180,10,eta -1..0.693,-1,0.693,0,slicing+P2B,rho=0.03,2,-0.11672218,0.051374051,0.71205176,0.054919569
x0.05_Q1000,0.05,1000,1e-10,180,10,eta -1..0.693,-1,0.693,0,slicing+P2B,rho=0.01,2,-0.54714989,0.082322008,0.28162404,0.083586097
x0.05_Q1000,0.05,1000,1e-10,180,10,eta -1..0.693,-1,0.693,0,slicing+P2B,rho=0.003,2,-0.80267984,0.12931258,0.026094095,0.12939347
x0.05_Q1000,0.05,1000,1e-10,180,10,eta -1..0.693,-1,0.693,0,slicing+P2B,rho=0.001,2,-0.75978963,0.18911999,0.068984304,0.18872995
x0.05_Q1000,0.05,1000,1e-10,180,10,eta -1..0.693,-1,0.693,0,slicing+P2B,rho=0.0003,2,-0.66619774,0.27858978,0.1625762,0.27800346
x0.05_Q1000,0.05,1000,1e-10,180,10,eta -1..0.693,-1,0.693,0,slicing+P2B,rho=0.0001,2,-0.8073315,0.39012336,0.021442432,0.38949585
x0.05_Q1000,0.05,1000,1e-10,180,10,eta -1..0.693,-1,0.693,0,pure tau1 slicing,tau1=0.1,1,0.41693685,0.00020184769,-0.3208961,0.00032648047
x0.05_Q1000,0.05,1000,1e-10,180,10,eta -1..0.693,-1,0.693,0,pure tau1 slicing,tau1=0.1,2,4.2269932,0.024764383,5.0557672,0.016188598
x0.05_Q1000,0.05,1000,1e-10,180,10,eta -1..0.693,-1,0.693,0,pure tau1 slicing,tau1=0.03,1,0.69533331,0.00025203682,-0.042499641,0.00035967981
x0.05_Q1000,0.05,1000,1e-10,180,10,eta -1..0.693,-1,0.693,0,pure tau1 slicing,tau1=0.03,2,1.0138133,0.026450887,1.8425872,0.0088239008
x0.05_Q1000,0.05,1000,1e-10,180,10,eta -1..0.693,-1,0.693,0,pure tau1 slicing,tau1=0.01,1,0.73585726,0.00025653051,-0.0019756858,0.00036284282
x0.05_Q1000,0.05,1000,1e-10,180,10,eta -1..0.693,-1,0.693,0,pure tau1 slicing,tau1=0.01,2,-0.65543197,0.025808963,0.17334196,0.0021530625
x0.05_Q1000,0.05,1000,1e-10,180,10,eta -1..0.693,-1,0.693,0,pure tau1 slicing,tau1=0.003,1,0.73783286,0.00025660672,-8.8896022e-08,0.00036289671
x0.05_Q1000,0.05,1000,1e-10,180,10,eta -1..0.693,-1,0.693,0,pure tau1 slicing,tau1=0.003,2,-0.82875415,0.025732074,1.9781623e-05,2.7045518e-06
x0.05_Q1000,0.05,1000,1e-10,180,10,eta -1..0.693,-1,0.693,0,pure tau1 slicing,tau1=0.001,1,0.73783295,0.00025660672,0,0.00036289671
x0.05_Q1000,0.05,1000,1e-10,180,10,eta -1..0.693,-1,0.693,0,pure tau1 slicing,tau1=0.001,2,-0.82877393,0.025732074,0,0
x0.05_Q1000,0.05,1000,1e-10,180,10,eta -1..0.693,-1,0.693,0,pure tau1 slicing,tau1=0.0003,1,0.73783295,0.00025660672,0,0.00036289671
x0.05_Q1000,0.05,1000,1e-10,180,10,eta -1..0.693,-1,0.693,0,pure tau1 slicing,tau1=0.0003,2,-0.82877393,0.025732074,0,0
x0.05_Q1000,0.05,1000,1e-10,180,10,eta -1..0.693,-1,0.693,0,pure tau1 slicing,tau1=0.0001,1,0.73783295,0.00025660672,0,0.00036289671
x0.05_Q1000,0.05,1000,1e-10,180,10,eta -1..0.693,-1,0.693,0,pure tau1 slicing,tau1=0.0001,2,-0.82877393,0.025732074,0,0
x0.05_Q1000,0.05,1000,1e-10,180,10,eta -1..0.693,-1,0.693,0,pure tau1 slicing,tau1=3e-05,1,0.73783295,0.00025660672,0,0.00036289671
x0.05_Q1000,0.05,1000,1e-10,180,10,eta -1..0.693,-1,0.693,0,pure tau1 slicing,tau1=3e-05,2,-0.82877393,0.025732074,0,0
x0.05_Q1000,0.05,1000,1e-10,180,10,eta -1..0.693,-1,0.693,0,pure tau1 slicing,tau1=1e-05,1,0.73783295,0.00025660672,0,0.00036289671
x0.05_Q1000,0.05,1000,1e-10,180,10,eta -1..0.693,-1,0.693,0,pure tau1 slicing,tau1=1e-05,2,-0.82877393,0.025732074,0,0
x0.05_Q1000,0.05,1000,1e-10,180,11,eta 0.693..0.893,0.693,0.893,0,DISENT+P2B,,1,3.5750316,0.0011097868,0,0
x0.05_Q1000,0.05,1000,1e-10,180,11,eta 0.693..0.893,0.693,0.893,0,DISENT+P2B,,2,-3.4094034,0.11908673,0,0
x0.05_Q1000,0.05,1000,1e-10,180,11,eta 0.693..0.893,0.693,0.893,0,slicing+P2B,tau2=0.01,2,9.7702583,0.053893868,13.179662,0.12828404
x0.05_Q1000,0.05,1000,1e-10,180,11,eta 0.693..0.893,0.693,0.893,0,slicing+P2B,tau2=0.001,2,2.3393878,0.21464116,5.7487912,0.23505915
x0.05_Q1000,0.05,1000,1e-10,180,11,eta 0.693..0.893,0.693,0.893,0,slicing+P2B,tau2=0.0001,2,-2.2638409,0.53325706,1.1455625,0.53587169
x0.05_Q1000,0.05,1000,1e-10,180,11,eta 0.693..0.893,0.693,0.893,0,slicing+P2B,tau2=1e-05,2,-3.1799584,1.1436692,0.22944498,1.1415812
x0.05_Q1000,0.05,1000,1e-10,180,11,eta 0.693..0.893,0.693,0.893,0,slicing+P2B,rho=0.1,2,1.508141,0.15494024,4.9175444,0.1899255
x0.05_Q1000,0.05,1000,1e-10,180,11,eta 0.693..0.893,0.693,0.893,0,slicing+P2B,rho=0.03,2,0.97451709,0.26514257,4.3839204,0.28213986
x0.05_Q1000,0.05,1000,1e-10,180,11,eta 0.693..0.893,0.693,0.893,0,slicing+P2B,rho=0.01,2,-0.50933169,0.40707172,2.9000717,0.41478845
x0.05_Q1000,0.05,1000,1e-10,180,11,eta 0.693..0.893,0.693,0.893,0,slicing+P2B,rho=0.003,2,-1.7336204,0.62264092,1.675783,0.62493944
x0.05_Q1000,0.05,1000,1e-10,180,11,eta 0.693..0.893,0.693,0.893,0,slicing+P2B,rho=0.001,2,-2.5420074,0.89349725,0.86739597,0.89314912
x0.05_Q1000,0.05,1000,1e-10,180,11,eta 0.693..0.893,0.693,0.893,0,slicing+P2B,rho=0.0003,2,-4.4743102,1.3011676,-1.0649068,1.2993451
x0.05_Q1000,0.05,1000,1e-10,180,11,eta 0.693..0.893,0.693,0.893,0,slicing+P2B,rho=0.0001,2,-4.7807543,1.8035166,-1.3713509,1.8010507
x0.05_Q1000,0.05,1000,1e-10,180,11,eta 0.693..0.893,0.693,0.893,0,pure tau1 slicing,tau1=0.1,1,0.69267218,0.00032491156,-2.8823594,0.0011563712
x0.05_Q1000,0.05,1000,1e-10,180,11,eta 0.693..0.893,0.693,0.893,0,pure tau1 slicing,tau1=0.1,2,16.259012,0.049323161,19.668415,0.11207672
x0.05_Q1000,0.05,1000,1e-10,180,11,eta 0.693..0.893,0.693,0.893,0,pure tau1 slicing,tau1=0.03,1,2.1754083,0.00080493287,-1.3996234,0.0013709645
x0.05_Q1000,0.05,1000,1e-10,180,11,eta 0.693..0.893,0.693,0.893,0,pure tau1 slicing,tau1=0.03,2,25.749867,0.11197863,29.15927,0.084040211
x0.05_Q1000,0.05,1000,1e-10,180,11,eta 0.693..0.893,0.693,0.893,0,pure tau1 slicing,tau1=0.01,1,3.1044108,0.0010306619,-0.47062083,0.0015145596
x0.05_Q1000,0.05,1000,1e-10,180,11,eta 0.693..0.893,0.693,0.893,0,pure tau1 slicing,tau1=0.01,2,18.048213,0.12861056,21.457616,0.074924203
x0.05_Q1000,0.05,1000,1e-10,180,11,eta 0.693..0.893,0.693,0.893,0,pure tau1 slicing,tau1=0.003,1,3.493358,0.0011004592,-0.081673601,0.0015628939
x0.05_Q1000,0.05,1000,1e-10,180,11,eta 0.693..0.893,0.693,0.893,0,pure tau1 slicing,tau1=0.003,2,3.8547434,0.13084629,7.2641468,0.060624333
x0.05_Q1000,0.05,1000,1e-10,180,11,eta 0.693..0.893,0.693,0.893,0,pure tau1 slicing,tau1=0.001,1,3.5687209,0.0011094583,-0.0063107615,0.0015692433
x0.05_Q1000,0.05,1000,1e-10,180,11,eta 0.693..0.893,0.693,0.893,0,pure tau1 slicing,tau1=0.001,2,-2.4842931,0.12046325,0.92511024,0.018915122
x0.05_Q1000,0.05,1000,1e-10,180,11,eta 0.693..0.893,0.693,0.893,0,pure tau1 slicing,tau1=0.0003,1,3.5750226,0.0011097869,-9.048191e-06,0.0015694756
x0.05_Q1000,0.05,1000,1e-10,180,11,eta 0.693..0.893,0.693,0.893,0,pure tau1 slicing,tau1=0.0003,2,-3.4067116,0.11908739,0.0026917804,0.00037894388
x0.05_Q1000,0.05,1000,1e-10,180,11,eta 0.693..0.893,0.693,0.893,0,pure tau1 slicing,tau1=0.0001,1,3.5750316,0.0011097868,0,0.0015694756
x0.05_Q1000,0.05,1000,1e-10,180,11,eta 0.693..0.893,0.693,0.893,0,pure tau1 slicing,tau1=0.0001,2,-3.4094034,0.11908673,0,0
x0.05_Q1000,0.05,1000,1e-10,180,11,eta 0.693..0.893,0.693,0.893,0,pure tau1 slicing,tau1=3e-05,1,3.5750316,0.0011097868,0,0.0015694756
x0.05_Q1000,0.05,1000,1e-10,180,11,eta 0.693..0.893,0.693,0.893,0,pure tau1 slicing,tau1=3e-05,2,-3.4094034,0.11908673,0,0
x0.05_Q1000,0.05,1000,1e-10,180,11,eta 0.693..0.893,0.693,0.893,0,pure tau1 slicing,tau1=1e-05,1,3.5750316,0.0011097868,0,0.0015694756
x0.05_Q1000,0.05,1000,1e-10,180,11,eta 0.693..0.893,0.693,0.893,0,pure tau1 slicing,tau1=1e-05,2,-3.4094034,0.11908673,0,0
x0.05_Q1000,0.05,1000,1e-10,180,12,eta 0.893..1.093,0.893,1.093,1,DISENT+P2B,,1,-13.991585,0.0014222306,0,0
x0.05_Q1000,0.05,1000,1e-10,180,12,eta 0.893..1.093,0.893,1.093,1,DISENT+P2B,,2,-120.81212,0.14163015,0,0
x0.05_Q1000,0.05,1000,1e-10,180,12,eta 0.893..1.093,0.893,1.093,1,slicing+P2B,tau2=0.01,2,-138.10247,0.11523333,-17.290352,0.17578614
x0.05_Q1000,0.05,1000,1e-10,180,12,eta 0.893..1.093,0.893,1.093,1,slicing+P2B,tau2=0.001,2,-129.8324,0.3706608,-9.0202757,0.38482859
x0.05_Q1000,0.05,1000,1e-10,180,12,eta 0.893..1.093,0.893,1.093,1,slicing+P2B,tau2=0.0001,2,-122.8004,0.88286085,-1.9882747,0.88427605
x0.05_Q1000,0.05,1000,1e-10,180,12,eta 0.893..1.093,0.893,1.093,1,slicing+P2B,tau2=1e-05,2,-120.48485,1.8583827,0.32727266,1.8566392
x0.05_Q1000,0.05,1000,1e-10,180,12,eta 0.893..1.093,0.893,1.093,1,slicing+P2B,rho=0.1,2,-122.92773,0.1793929,-2.1156047,0.21999009
x0.05_Q1000,0.05,1000,1e-10,180,12,eta 0.893..1.093,0.893,1.093,1,slicing+P2B,rho=0.03,2,-127.43534,0.31430758,-6.623217,0.33289695
x0.05_Q1000,0.05,1000,1e-10,180,12,eta 0.893..1.093,0.893,1.093,1,slicing+P2B,rho=0.01,2,-125.9536,0.49071589,-5.1414825,0.49873196
x0.05_Q1000,0.05,1000,1e-10,180,12,eta 0.893..1.093,0.893,1.093,1,slicing+P2B,rho=0.003,2,-123.79635,0.7613783,-2.9842296,0.76360985
x0.05_Q1000,0.05,1000,1e-10,180,12,eta 0.893..1.093,0.893,1.093,1,slicing+P2B,rho=0.001,2,-122.44422,1.1037363,-1.632101,1.1033458
x0.05_Q1000,0.05,1000,1e-10,180,12,eta 0.893..1.093,0.893,1.093,1,slicing+P2B,rho=0.0003,2,-120.18542,1.6191898,0.62670111,1.6173898
x0.05_Q1000,0.05,1000,1e-10,180,12,eta 0.893..1.093,0.893,1.093,1,slicing+P2B,rho=0.0001,2,-119.40192,2.2572731,1.410198,2.2549466
x0.05_Q1000,0.05,1000,1e-10,180,12,eta 0.893..1.093,0.893,1.093,1,pure tau1 slicing,tau1=0.1,1,-9.8640239,0.00082801324,4.1275608,0.0016457052
x0.05_Q1000,0.05,1000,1e-10,180,12,eta 0.893..1.093,0.893,1.093,1,pure tau1 slicing,tau1=0.1,2,-131.35886,0.15646665,-10.546736,0.18417817
x0.05_Q1000,0.05,1000,1e-10,180,12,eta 0.893..1.093,0.893,1.093,1,pure tau1 slicing,tau1=0.03,1,-12.351115,0.0030553569,1.6404693,0.0033701551
x0.05_Q1000,0.05,1000,1e-10,180,12,eta 0.893..1.093,0.893,1.093,1,pure tau1 slicing,tau1=0.03,2,-143.35596,0.50104085,-22.543833,0.48885354
x0.05_Q1000,0.05,1000,1e-10,180,12,eta 0.893..1.093,0.893,1.093,1,pure tau1 slicing,tau1=0.01,1,-13.475284,0.0071040865,0.51630069,0.0072450524
x0.05_Q1000,0.05,1000,1e-10,180,12,eta 0.893..1.093,0.893,1.093,1,pure tau1 slicing,tau1=0.01,2,-134.01944,1.2996187,-13.207321,1.2928594
x0.05_Q1000,0.05,1000,1e-10,180,12,eta 0.893..1.093,0.893,1.093,1,pure tau1 slicing,tau1=0.003,1,-13.892055,0.015572675,0.099529652,0.015637486
x0.05_Q1000,0.05,1000,1e-10,180,12,eta 0.893..1.093,0.893,1.093,1,pure tau1 slicing,tau1=0.003,2,-121.73964,4.0333769,-0.92751624,4.0310321
x0.05_Q1000,0.05,1000,1e-10,180,12,eta 0.893..1.093,0.893,1.093,1,pure tau1 slicing,tau1=0.001,1,-13.951142,0.029813893,0.040443061,0.029847797
x0.05_Q1000,0.05,1000,1e-10,180,12,eta 0.893..1.093,0.893,1.093,1,pure tau1 slicing,tau1=0.001,2,-145.25966,10.362742,-24.447538,10.361843
x0.05_Q1000,0.05,1000,1e-10,180,12,eta 0.893..1.093,0.893,1.093,1,pure tau1 slicing,tau1=0.0003,1,-13.973994,0.0581547,0.017590264,0.058172088
x0.05_Q1000,0.05,1000,1e-10,180,12,eta 0.893..1.093,0.893,1.093,1,pure tau1 slicing,tau1=0.0003,2,-122.34218,22.436025,-1.530059,22.435649
x0.05_Q1000,0.05,1000,1e-10,180,12,eta 0.893..1.093,0.893,1.093,1,pure tau1 slicing,tau1=0.0001,1,-14.086776,0.10423072,-0.095191379,0.10424042
x0.05_Q1000,0.05,1000,1e-10,180,12,eta 0.893..1.093,0.893,1.093,1,pure tau1 slicing,tau1=0.0001,2,-127.40077,49.348854,-6.5886456,49.348715
x0.05_Q1000,0.05,1000,1e-10,180,12,eta 0.893..1.093,0.893,1.093,1,pure tau1 slicing,tau1=3e-05,1,-14.131858,0.19581171,-0.14027328,0.19581688
x0.05_Q1000,0.05,1000,1e-10,180,12,eta 0.893..1.093,0.893,1.093,1,pure tau1 slicing,tau1=3e-05,2,-175.48227,126.43729,-54.670146,126.43726
x0.05_Q1000,0.05,1000,1e-10,180,12,eta 0.893..1.093,0.893,1.093,1,pure tau1 slicing,tau1=1e-05,1,-14.237216,0.3432061,-0.24563134,0.34320905
x0.05_Q1000,0.05,1000,1e-10,180,12,eta 0.893..1.093,0.893,1.093,1,pure tau1 slicing,tau1=1e-05,2,-411.01417,266.37384,-290.20205,266.37384
x0.05_Q1000,0.05,1000,1e-10,180,13,eta 1.093..1.493,1.093,1.493,0,DISENT+P2B,,1,5.462566,0.00093946042,0,0
x0.05_Q1000,0.05,1000,1e-10,180,13,eta 1.093..1.493,1.093,1.493,0,DISENT+P2B,,2,87.998491,0.081574788,0,0
x0.05_Q1000,0.05,1000,1e-10,180,13,eta 1.093..1.493,1.093,1.493,0,slicing+P2B,tau2=0.01,2,88.590395,0.088892248,0.59190462,0.11116192
x0.05_Q1000,0.05,1000,1e-10,180,13,eta 1.093..1.493,1.093,1.493,0,slicing+P2B,tau2=0.001,2,90.646429,0.26575303,2.6479379,0.26875614
x0.05_Q1000,0.05,1000,1e-10,180,13,eta 1.093..1.493,1.093,1.493,0,slicing+P2B,tau2=0.0001,2,88.085742,0.61911217,0.087251429,0.61888168
x0.05_Q1000,0.05,1000,1e-10,180,13,eta 1.093..1.493,1.093,1.493,0,slicing+P2B,tau2=1e-05,2,86.940539,1.290818,-1.0579522,1.2902072
x0.05_Q1000,0.05,1000,1e-10,180,13,eta 1.093..1.493,1.093,1.493,0,slicing+P2B,rho=0.1,2,82.883318,0.084505979,-5.1151726,0.10850359
x0.05_Q1000,0.05,1000,1e-10,180,13,eta 1.093..1.493,1.093,1.493,0,slicing+P2B,rho=0.03,2,89.229268,0.15666739,1.2307768,0.1660156
x0.05_Q1000,0.05,1000,1e-10,180,13,eta 1.093..1.493,1.093,1.493,0,slicing+P2B,rho=0.01,2,89.825592,0.25265331,1.8271015,0.25607738
x0.05_Q1000,0.05,1000,1e-10,180,13,eta 1.093..1.493,1.093,1.493,0,slicing+P2B,rho=0.003,2,89.192535,0.40193034,1.1940442,0.40267121
x0.05_Q1000,0.05,1000,1e-10,180,13,eta 1.093..1.493,1.093,1.493,0,slicing+P2B,rho=0.001,2,88.337003,0.59239606,0.33851198,0.59222656
x0.05_Q1000,0.05,1000,1e-10,180,13,eta 1.093..1.493,1.093,1.493,0,slicing+P2B,rho=0.0003,2,87.837403,0.87905784,-0.16108773,0.87847146
x0.05_Q1000,0.05,1000,1e-10,180,13,eta 1.093..1.493,1.093,1.493,0,slicing+P2B,rho=0.0001,2,87.432631,1.236485,-0.56586025,1.2358825
x0.05_Q1000,0.05,1000,1e-10,180,13,eta 1.093..1.493,1.093,1.493,0,pure tau1 slicing,tau1=0.1,1,4.0405509,0.00078280507,-1.4220151,0.0012228531
x0.05_Q1000,0.05,1000,1e-10,180,13,eta 1.093..1.493,1.093,1.493,0,pure tau1 slicing,tau1=0.1,2,85.884648,0.076927603,-2.1138425,0.064776091
x0.05_Q1000,0.05,1000,1e-10,180,13,eta 1.093..1.493,1.093,1.493,0,pure tau1 slicing,tau1=0.03,1,5.1878933,0.00092122845,-0.27467269,0.0013157689
x0.05_Q1000,0.05,1000,1e-10,180,13,eta 1.093..1.493,1.093,1.493,0,pure tau1 slicing,tau1=0.03,2,94.435183,0.084499313,6.4366916,0.0285254
x0.05_Q1000,0.05,1000,1e-10,180,13,eta 1.093..1.493,1.093,1.493,0,pure tau1 slicing,tau1=0.01,1,5.4260441,0.00093825121,-0.036521899,0.0013277429
x0.05_Q1000,0.05,1000,1e-10,180,13,eta 1.093..1.493,1.093,1.493,0,pure tau1 slicing,tau1=0.01,2,90.192979,0.082717661,2.1944881,0.014092777
x0.05_Q1000,0.05,1000,1e-10,180,13,eta 1.093..1.493,1.093,1.493,0,pure tau1 slicing,tau1=0.003,1,5.4617813,0.00093946228,-0.00078472829,0.001328599
x0.05_Q1000,0.05,1000,1e-10,180,13,eta 1.093..1.493,1.093,1.493,0,pure tau1 slicing,tau1=0.003,2,88.096588,0.081606046,0.098097233,0.0021913575
x0.05_Q1000,0.05,1000,1e-10,180,13,eta 1.093..1.493,1.093,1.493,0,pure tau1 slicing,tau1=0.001,1,5.462566,0.00093946042,-1.3543549e-09,0.0013285977
x0.05_Q1000,0.05,1000,1e-10,180,13,eta 1.093..1.493,1.093,1.493,0,pure tau1 slicing,tau1=0.001,2,87.998491,0.081574788,1.9961637e-07,5.8236419e-08
x0.05_Q1000,0.05,1000,1e-10,180,13,eta 1.093..1.493,1.093,1.493,0,pure tau1 slicing,tau1=0.0003,1,5.462566,0.00093946042,0,0.0013285977
x0.05_Q1000,0.05,1000,1e-10,180,13,eta 1.093..1.493,1.093,1.493,0,pure tau1 slicing,tau1=0.0003,2,87.998491,0.081574788,0,0
x0.05_Q1000,0.05,1000,1e-10,180,13,eta 1.093..1.493,1.093,1.493,0,pure tau1 slicing,tau1=0.0001,1,5.462566,0.00093946042,0,0.0013285977
x0.05_Q1000,0.05,1000,1e-10,180,13,eta 1.093..1.493,1.093,1.493,0,pure tau1 slicing,tau1=0.0001,2,87.998491,0.081574788,0,0
x0.05_Q1000,0.05,1000,1e-10,180,13,eta 1.093..1.493,1.093,1.493,0,pure tau1 slicing,tau1=3e-05,1,5.462566,0.00093946042,0,0.0013285977
x0.05_Q1000,0.05,1000,1e-10,180,13,eta 1.093..1.493,1.093,1.493,0,pure tau1 slicing,tau1=3e-05,2,87.998491,0.081574788,0,0
x0.05_Q1000,0.05,1000,1e-10,180,13,eta 1.093..1.493,1.093,1.493,0,pure tau1 slicing,tau1=1e-05,1,5.462566,0.00093946042,0,0.0013285977
x0.05_Q1000,0.05,1000,1e-10,180,13,eta 1.093..1.493,1.093,1.493,0,pure tau1 slicing,tau1=1e-05,2,87.998491,0.081574788,0,0
x0.05_Q1000,0.05,1000,1e-10,180,14,eta 1.493..2.293,1.493,2.293,0,DISENT+P2B,,1,1.8546165,0.00030509818,0,0
x0.05_Q1000,0.05,1000,1e-10,180,14,eta 1.493..2.293,1.493,2.293,0,DISENT+P2B,,2,21.544036,0.026140293,0,0
x0.05_Q1000,0.05,1000,1e-10,180,14,eta 1.493..2.293,1.493,2.293,0,slicing+P2B,tau2=0.01,2,22.807962,0.04551039,1.2639253,0.049206757
x0.05_Q1000,0.05,1000,1e-10,180,14,eta 1.493..2.293,1.493,2.293,0,slicing+P2B,tau2=0.001,2,21.738237,0.1247979,0.19420059,0.12482904
x0.05_Q1000,0.05,1000,1e-10,180,14,eta 1.493..2.293,1.493,2.293,0,slicing+P2B,tau2=0.0001,2,21.962372,0.28033654,0.41833524,0.27995307
x0.05_Q1000,0.05,1000,1e-10,180,14,eta 1.493..2.293,1.493,2.293,0,slicing+P2B,tau2=1e-05,2,21.845483,0.57169692,0.30144626,0.57142642
x0.05_Q1000,0.05,1000,1e-10,180,14,eta 1.493..2.293,1.493,2.293,0,slicing+P2B,rho=0.1,2,22.307423,0.022244981,0.76338692,0.031849036
x0.05_Q1000,0.05,1000,1e-10,180,14,eta 1.493..2.293,1.493,2.293,0,slicing+P2B,rho=0.03,2,21.927356,0.045765887,0.38331962,0.049264798
x0.05_Q1000,0.05,1000,1e-10,180,14,eta 1.493..2.293,1.493,2.293,0,slicing+P2B,rho=0.01,2,21.682881,0.076977502,0.13884474,0.077996819
x0.05_Q1000,0.05,1000,1e-10,180,14,eta 1.493..2.293,1.493,2.293,0,slicing+P2B,rho=0.003,2,21.598218,0.12548452,0.054182053,0.12544768
x0.05_Q1000,0.05,1000,1e-10,180,14,eta 1.493..2.293,1.493,2.293,0,slicing+P2B,rho=0.001,2,21.787122,0.18768448,0.24308607,0.1873238
x0.05_Q1000,0.05,1000,1e-10,180,14,eta 1.493..2.293,1.493,2.293,0,slicing+P2B,rho=0.0003,2,21.85946,0.28146984,0.31542371,0.28105215
x0.05_Q1000,0.05,1000,1e-10,180,14,eta 1.493..2.293,1.493,2.293,0,slicing+P2B,rho=0.0001,2,22.024839,0.39887116,0.48080251,0.39851452
x0.05_Q1000,0.05,1000,1e-10,180,14,eta 1.493..2.293,1.493,2.293,0,pure tau1 slicing,tau1=0.1,1,1.8487327,0.00030511244,-0.0058838504,0.00043148407
x0.05_Q1000,0.05,1000,1e-10,180,14,eta 1.493..2.293,1.493,2.293,0,pure tau1 slicing,tau1=0.1,2,21.767958,0.026161293,0.22392146,0.0011183451
x0.05_Q1000,0.05,1000,1e-10,180,14,eta 1.493..2.293,1.493,2.293,0,pure tau1 slicing,tau1=0.03,1,1.8546157,0.0003050982,-8.7397959e-07,0.000431474
x0.05_Q1000,0.05,1000,1e-10,180,14,eta 1.493..2.293,1.493,2.293,0,pure tau1 slicing,tau1=0.03,2,21.544149,0.026140293,0.00011251719,4.0468345e-06
x0.05_Q1000,0.05,1000,1e-10,180,14,eta 1.493..2.293,1.493,2.293,0,pure tau1 slicing,tau1=0.01,1,1.8546165,0.00030509818,0,0.00043147399
x0.05_Q1000,0.05,1000,1e-10,180,14,eta 1.493..2.293,1.493,2.293,0,pure tau1 slicing,tau1=0.01,2,21.544036,0.026140293,0,0
x0.05_Q1000,0.05,1000,1e-10,180,14,eta 1.493..2.293,1.493,2.293,0,pure tau1 slicing,tau1=0.003,1,1.8546165,0.00030509818,0,0.00043147399
x0.05_Q1000,0.05,1000,1e-10,180,14,eta 1.493..2.293,1.493,2.293,0,pure tau1 slicing,tau1=0.003,2,21.544036,0.026140293,0,0
x0.05_Q1000,0.05,1000,1e-10,180,14,eta 1.493..2.293,1.493,2.293,0,pure tau1 slicing,tau1=0.001,1,1.8546165,0.00030509818,0,0.00043147399
x0.05_Q1000,0.05,1000,1e-10,180,14,eta 1.493..2.293,1.493,2.293,0,pure tau1 slicing,tau1=0.001,2,21.544036,0.026140293,0,0
x0.05_Q1000,0.05,1000,1e-10,180,14,eta 1.493..2.293,1.493,2.293,0,pure tau1 slicing,tau1=0.0003,1,1.8546165,0.00030509818,0,0.00043147399
x0.05_Q1000,0.05,1000,1e-10,180,14,eta 1.493..2.293,1.493,2.293,0,pure tau1 slicing,tau1=0.0003,2,21.544036,0.026140293,0,0
x0.05_Q1000,0.05,1000,1e-10,180,14,eta 1.493..2.293,1.493,2.293,0,pure tau1 slicing,tau1=0.0001,1,1.8546165,0.00030509818,0,0.00043147399
x0.05_Q1000,0.05,1000,1e-10,180,14,eta 1.493..2.293,1.493,2.293,0,pure tau1 slicing,tau1=0.0001,2,21.544036,0.026140293,0,0
x0.05_Q1000,0.05,1000,1e-10,180,14,eta 1.493..2.293,1.493,2.293,0,pure tau1 slicing,tau1=3e-05,1,1.8546165,0.00030509818,0,0.00043147399
x0.05_Q1000,0.05,1000,1e-10,180,14,eta 1.493..2.293,1.493,2.293,0,pure tau1 slicing,tau1=3e-05,2,21.544036,0.026140293,0,0
x0.05_Q1000,0.05,1000,1e-10,180,14,eta 1.493..2.293,1.493,2.293,0,pure tau1 slicing,tau1=1e-05,1,1.8546165,0.00030509818,0,0.00043147399
x0.05_Q1000,0.05,1000,1e-10,180,14,eta 1.493..2.293,1.493,2.293,0,pure tau1 slicing,tau1=1e-05,2,21.544036,0.026140293,0,0
x0.05_Q1000,0.05,1000,1e-10,180,15,eta 2.293..2.5,2.293,2.5,0,DISENT+P2B,,1,0.11480172,6.0502494e-05,0,0
x0.05_Q1000,0.05,1000,1e-10,180,15,eta 2.293..2.5,2.293,2.5,0,DISENT+P2B,,2,1.7152224,0.0081911972,0,0
x0.05_Q1000,0.05,1000,1e-10,180,15,eta 2.293..2.5,2.293,2.5,0,slicing+P2B,tau2=0.01,2,1.737668,0.010112992,0.022445562,0.011622661
x0.05_Q1000,0.05,1000,1e-10,180,15,eta 2.293..2.5,2.293,2.5,0,slicing+P2B,tau2=0.001,2,1.7287293,0.026389411,0.013506894,0.026349589
x0.05_Q1000,0.05,1000,1e-10,180,15,eta 2.293..2.5,2.293,2.5,0,slicing+P2B,tau2=0.0001,2,1.8368136,0.058375103,0.12159121,0.058147038
x0.05_Q1000,0.05,1000,1e-10,180,15,eta 2.293..2.5,2.293,2.5,0,slicing+P2B,tau2=1e-05,2,1.7931058,0.11862667,0.077883344,0.11847129
x0.05_Q1000,0.05,1000,1e-10,180,15,eta 2.293..2.5,2.293,2.5,0,slicing+P2B,rho=0.1,2,1.5619277,0.0073573419,-0.15329474,0.0097721459
x0.05_Q1000,0.05,1000,1e-10,180,15,eta 2.293..2.5,2.293,2.5,0,slicing+P2B,rho=0.03,2,1.6341156,0.013360394,-0.08110686,0.014139043
x0.05_Q1000,0.05,1000,1e-10,180,15,eta 2.293..2.5,2.293,2.5,0,slicing+P2B,rho=0.01,2,1.6962767,0.021173728,-0.018945692,0.021286211
x0.05_Q1000,0.05,1000,1e-10,180,15,eta 2.293..2.5,2.293,2.5,0,slicing+P2B,rho=0.003,2,1.7271107,0.033152521,0.011888333,0.03298186
x0.05_Q1000,0.05,1000,1e-10,180,15,eta 2.293..2.5,2.293,2.5,0,slicing+P2B,rho=0.001,2,1.8076174,0.048394223,0.092394961,0.048145228
x0.05_Q1000,0.05,1000,1e-10,180,15,eta 2.293..2.5,2.293,2.5,0,slicing+P2B,rho=0.0003,2,1.8288949,0.0714056,0.11367254,0.071176041
x0.05_Q1000,0.05,1000,1e-10,180,15,eta 2.293..2.5,2.293,2.5,0,slicing+P2B,rho=0.0001,2,1.769481,0.099603251,0.054258581,0.099430731
x0.05_Q1000,0.05,1000,1e-10,180,15,eta 2.293..2.5,2.293,2.5,0,pure tau1 slicing,tau1=0.1,1,0.11480172,6.0502494e-05,0,8.5563448e-05
x0.05_Q1000,0.05,1000,1e-10,180,15,eta 2.293..2.5,2.293,2.5,0,pure tau1 slicing,tau1=0.1,2,1.71485,0.0081911693,-0.0003723845,2.1450496e-05
x0.05_Q1000,0.05,1000,1e-10,180,15,eta 2.293..2.5,2.293,2.5,0,pure tau1 slicing,tau1=0.03,1,0.11480172,6.0502494e-05,0,8.5563448e-05
x0.05_Q1000,0.05,1000,1e-10,180,15,eta 2.293..2.5,2.293,2.5,0,pure tau1 slicing,tau1=0.03,2,1.7152224,0.0081911972,0,0
x0.05_Q1000,0.05,1000,1e-10,180,15,eta 2.293..2.5,2.293,2.5,0,pure tau1 slicing,tau1=0.01,1,0.11480172,6.0502494e-05,0,8.5563448e-05
x0.05_Q1000,0.05,1000,1e-10,180,15,eta 2.293..2.5,2.293,2.5,0,pure tau1 slicing,tau1=0.01,2,1.7152224,0.0081911972,0,0
x0.05_Q1000,0.05,1000,1e-10,180,15,eta 2.293..2.5,2.293,2.5,0,pure tau1 slicing,tau1=0.003,1,0.11480172,6.0502494e-05,0,8.5563448e-05
x0.05_Q1000,0.05,1000,1e-10,180,15,eta 2.293..2.5,2.293,2.5,0,pure tau1 slicing,tau1=0.003,2,1.7152224,0.0081911972,0,0
x0.05_Q1000,0.05,1000,1e-10,180,15,eta 2.293..2.5,2.293,2.5,0,pure tau1 slicing,tau1=0.001,1,0.11480172,6.0502494e-05,0,8.5563448e-05
x0.05_Q1000,0.05,1000,1e-10,180,15,eta 2.293..2.5,2.293,2.5,0,pure tau1 slicing,tau1=0.001,2,1.7152224,0.0081911972,0,0
x0.05_Q1000,0.05,1000,1e-10,180,15,eta 2.293..2.5,2.293,2.5,0,pure tau1 slicing,tau1=0.0003,1,0.11480172,6.0502494e-05,0,8.5563448e-05
x0.05_Q1000,0.05,1000,1e-10,180,15,eta 2.293..2.5,2.293,2.5,0,pure tau1 slicing,tau1=0.0003,2,1.7152224,0.0081911972,0,0
x0.05_Q1000,0.05,1000,1e-10,180,15,eta 2.293..2.5,2.293,2.5,0,pure tau1 slicing,tau1=0.0001,1,0.11480172,6.0502494e-05,0,8.5563448e-05
x0.05_Q1000,0.05,1000,1e-10,180,15,eta 2.293..2.5,2.293,2.5,0,pure tau1 slicing,tau1=0.0001,2,1.7152224,0.0081911972,0,0
x0.05_Q1000,0.05,1000,1e-10,180,15,eta 2.293..2.5,2.293,2.5,0,pure tau1 slicing,tau1=3e-05,1,0.11480172,6.0502494e-05,0,8.5563448e-05
x0.05_Q1000,0.05,1000,1e-10,180,15,eta 2.293..2.5,2.293,2.5,0,pure tau1 slicing,tau1=3e-05,2,1.7152224,0.0081911972,0,0
x0.05_Q1000,0.05,1000,1e-10,180,15,eta 2.293..2.5,2.293,2.5,0,pure tau1 slicing,tau1=1e-05,1,0.11480172,6.0502494e-05,0,8.5563448e-05
x0.05_Q1000,0.05,1000,1e-10,180,15,eta 2.293..2.5,2.293,2.5,0,pure tau1 slicing,tau1=1e-05,2,1.7152224,0.0081911972,0,0
x0.05_Q1000,0.05,1000,1e-10,180,16,>=2 jets,,,0,DISENT+P2B,,1,7.6631119,0.00091881795,0,0
x0.05_Q1000,0.05,1000,1e-10,180,16,>=2 jets,,,0,DISENT+P2B,,2,45.11133,0.1258319,0,0
x0.05_Q1000,0.05,1000,1e-10,180,16,>=2 jets,,,0,slicing+P2B,tau2=0.01,2,75.13595,0.090139704,30.02462,0.14825171
x0.05_Q1000,0.05,1000,1e-10,180,16,>=2 jets,,,0,slicing+P2B,tau2=0.001,2,52.17339,0.27909608,7.0620601,0.29446198
x0.05_Q1000,0.05,1000,1e-10,180,16,>=2 jets,,,0,slicing+P2B,tau2=0.0001,2,46.868039,0.65454944,1.7567099,0.65666918
x0.05_Q1000,0.05,1000,1e-10,180,16,>=2 jets,,,0,slicing+P2B,tau2=1e-05,2,45.537621,1.360916,0.42629163,1.359772
x0.05_Q1000,0.05,1000,1e-10,180,16,>=2 jets,,,0,slicing+P2B,rho=0.1,2,72.787413,0.067351543,27.676084,0.13689153
x0.05_Q1000,0.05,1000,1e-10,180,16,>=2 jets,,,0,slicing+P2B,rho=0.03,2,59.447831,0.13964157,14.336502,0.17691591
x0.05_Q1000,0.05,1000,1e-10,180,16,>=2 jets,,,0,slicing+P2B,rho=0.01,2,52.450568,0.23601594,7.3392383,0.25454477
x0.05_Q1000,0.05,1000,1e-10,180,16,>=2 jets,,,0,slicing+P2B,rho=0.003,2,47.91714,0.38437758,2.8058104,0.39199996
x0.05_Q1000,0.05,1000,1e-10,180,16,>=2 jets,,,0,slicing+P2B,rho=0.001,2,46.735611,0.57290898,1.6242814,0.57549351
x0.05_Q1000,0.05,1000,1e-10,180,16,>=2 jets,,,0,slicing+P2B,rho=0.0003,2,46.519118,0.85707691,1.4077886,0.85700314
x0.05_Q1000,0.05,1000,1e-10,180,16,>=2 jets,,,0,slicing+P2B,rho=0.0001,2,46.052374,1.2098106,0.94104426,1.2086519
x0.05_Q1000,0.05,1000,1e-10,180,16,>=2 jets,,,0,pure tau1 slicing,tau1=0.1,1,6.2676826,0.00075732558,-1.3954293,0.0011907008
x0.05_Q1000,0.05,1000,1e-10,180,16,>=2 jets,,,0,pure tau1 slicing,tau1=0.1,2,73.88607,0.10238391,28.774741,0.085049342
x0.05_Q1000,0.05,1000,1e-10,180,16,>=2 jets,,,0,pure tau1 slicing,tau1=0.03,1,7.6631119,0.00091881795,0,0.0012994048
x0.05_Q1000,0.05,1000,1e-10,180,16,>=2 jets,,,0,pure tau1 slicing,tau1=0.03,2,45.11133,0.1258319,0,0
x0.05_Q1000,0.05,1000,1e-10,180,16,>=2 jets,,,0,pure tau1 slicing,tau1=0.01,1,7.6631119,0.00091881795,0,0.0012994048
x0.05_Q1000,0.05,1000,1e-10,180,16,>=2 jets,,,0,pure tau1 slicing,tau1=0.01,2,45.11133,0.1258319,0,0
x0.05_Q1000,0.05,1000,1e-10,180,16,>=2 jets,,,0,pure tau1 slicing,tau1=0.003,1,7.6631119,0.00091881795,0,0.0012994048
x0.05_Q1000,0.05,1000,1e-10,180,16,>=2 jets,,,0,pure tau1 slicing,tau1=0.003,2,45.11133,0.1258319,0,0
x0.05_Q1000,0.05,1000,1e-10,180,16,>=2 jets,,,0,pure tau1 slicing,tau1=0.001,1,7.6631119,0.00091881795,0,0.0012994048
x0.05_Q1000,0.05,1000,1e-10,180,16,>=2 jets,,,0,pure tau1 slicing,tau1=0.001,2,45.11133,0.1258319,0,0
x0.05_Q1000,0.05,1000,1e-10,180,16,>=2 jets,,,0,pure tau1 slicing,tau1=0.0003,1,7.6631119,0.00091881795,0,0.0012994048
x0.05_Q1000,0.05,1000,1e-10,180,16,>=2 jets,,,0,pure tau1 slicing,tau1=0.0003,2,45.11133,0.1258319,0,0
x0.05_Q1000,0.05,1000,1e-10,180,16,>=2 jets,,,0,pure tau1 slicing,tau1=0.0001,1,7.6631119,0.00091881795,0,0.0012994048
x0.05_Q1000,0.05,1000,1e-10,180,16,>=2 jets,,,0,pure tau1 slicing,tau1=0.0001,2,45.11133,0.1258319,0,0
x0.05_Q1000,0.05,1000,1e-10,180,16,>=2 jets,,,0,pure tau1 slicing,tau1=3e-05,1,7.6631119,0.00091881795,0,0.0012994048
x0.05_Q1000,0.05,1000,1e-10,180,16,>=2 jets,,,0,pure tau1 slicing,tau1=3e-05,2,45.11133,0.1258319,0,0
x0.05_Q1000,0.05,1000,1e-10,180,16,>=2 jets,,,0,pure tau1 slicing,tau1=1e-05,1,7.6631119,0.00091881795,0,0.0012994048
x0.05_Q1000,0.05,1000,1e-10,180,16,>=2 jets,,,0,pure tau1 slicing,tau1=1e-05,2,45.11133,0.1258319,0,0
